,Flood,Rainfall - (MM),Year,Month,index,Location,Origin,Latitude,Longitude,Start Year,Start Month,Start Day,End Year,End Month,End Day,Geo Locations
0,No,40.4258,1901,January,,,,,,,,,,,,
1,No,12.3022,1901,February,,,,,,,,,,,,
2,No,25.5119,1901,March,,,,,,,,,,,,
3,No,14.2942,1901,April,,,,,,,,,,,,
4,No,38.3046,1901,May,,,,,,,,,,,,
5,No,12.8813,1901,June,,,,,,,,,,,,
6,No,68.093,1901,July,,,,,,,,,,,,
7,No,16.5836,1901,August,,,,,,,,,,,,
8,No,13.3391,1901,September,,,,,,,,,,,,
9,No,3.10757,1901,October,,,,,,,,,,,,
10,No,0.21419,1901,November,,,,,,,,,,,,
11,No,3.27559,1901,December,,,,,,,,,,,,
12,No,2.31336,1902,January,,,,,,,,,,,,
13,No,3.17559,1902,February,,,,,,,,,,,,
14,No,13.3201,1902,March,,,,,,,,,,,,
15,No,16.6064,1902,April,,,,,,,,,,,,
16,No,17.0574,1902,May,,,,,,,,,,,,
17,No,19.3449,1902,June,,,,,,,,,,,,
18,No,25.7954,1902,July,,,,,,,,,,,,
19,No,34.1203,1902,August,,,,,,,,,,,,
20,No,17.5,1902,September,,,,,,,,,,,,
21,No,7.08495,1902,October,,,,,,,,,,,,
22,No,14.5744,1902,November,,,,,,,,,,,,
23,No,4.73243,1902,December,,,,,,,,,,,,
24,No,22.6658,1903,January,,,,,,,,,,,,
25,No,10.2447,1903,February,,,,,,,,,,,,
26,No,40.695,1903,March,,,,,,,,,,,,
27,No,12.3373,1903,April,,,,,,,,,,,,
28,No,35.182,1903,May,,,,,,,,,,,,
29,No,7.95537,1903,June,,,,,,,,,,,,
30,No,75.6535,1903,July,,,,,,,,,,,,
31,No,34.1329,1903,August,,,,,,,,,,,,
32,No,24.1921,1903,September,,,,,,,,,,,,
33,No,1.82323,1903,October,,,,,,,,,,,,
34,No,1.2238,1903,November,,,,,,,,,,,,
35,No,10.0793,1903,December,,,,,,,,,,,,
36,No,61.2916,1904,January,,,,,,,,,,,,
37,No,10.9565,1904,February,,,,,,,,,,,,
38,No,68.4706,1904,March,,,,,,,,,,,,
39,No,10.8674,1904,April,,,,,,,,,,,,
40,No,9.80757,1904,May,,,,,,,,,,,,
41,No,6.63728,1904,June,,,,,,,,,,,,
42,No,22.9002,1904,July,,,,,,,,,,,,
43,No,26.1663,1904,August,,,,,,,,,,,,
44,No,17.5644,1904,September,,,,,,,,,,,,
45,No,8.62059,1904,October,,,,,,,,,,,,
46,No,12.2084,1904,November,,,,,,,,,,,,
47,No,6.44073,1904,December,,,,,,,,,,,,
48,No,53.5866,1905,January,,,,,,,,,,,,
49,No,37.0232,1905,February,,,,,,,,,,,,
50,No,41.1089,1905,March,,,,,,,,,,,,
51,No,14.3762,1905,April,,,,,,,,,,,,
52,No,12.9388,1905,May,,,,,,,,,,,,
53,No,7.47864,1905,June,,,,,,,,,,,,
54,No,17.6693,1905,July,,,,,,,,,,,,
55,No,8.42186,1905,August,,,,,,,,,,,,
56,No,36.4692,1905,September,,,,,,,,,,,,
57,No,2.22197,1905,October,,,,,,,,,,,,
58,No,0.23152,1905,November,,,,,,,,,,,,
59,No,27.6909,1905,December,,,,,,,,,,,,
60,No,7.44133,1906,January,,,,,,,,,,,,
61,No,78.1301,1906,February,,,,,,,,,,,,
62,No,37.7996,1906,March,,,,,,,,,,,,
63,No,11.4353,1906,April,,,,,,,,,,,,
64,No,19.8325,1906,May,,,,,,,,,,,,
65,No,12.6819,1906,June,,,,,,,,,,,,
66,No,25.2715,1906,July,,,,,,,,,,,,
67,No,44.5472,1906,August,,,,,,,,,,,,
68,No,28.7101,1906,September,,,,,,,,,,,,
69,No,2.93003,1906,October,,,,,,,,,,,,
70,No,0.2753,1906,November,,,,,,,,,,,,
71,No,11.1771,1906,December,,,,,,,,,,,,
72,No,18.81,1907,January,,,,,,,,,,,,
73,No,38.2396,1907,February,,,,,,,,,,,,
74,No,29.2855,1907,March,,,,,,,,,,,,
75,No,36.3981,1907,April,,,,,,,,,,,,
76,No,4.75605,1907,May,,,,,,,,,,,,
77,No,33.4921,1907,June,,,,,,,,,,,,
78,No,33.0677,1907,July,,,,,,,,,,,,
79,No,54.822,1907,August,,,,,,,,,,,,
80,No,2.99025,1907,September,,,,,,,,,,,,
81,No,2.88652,1907,October,,,,,,,,,,,,
82,No,0.88287,1907,November,,,,,,,,,,,,
83,No,2.76253,1907,December,,,,,,,,,,,,
84,No,40.6442,1908,January,,,,,,,,,,,,
85,No,17.759,1908,February,,,,,,,,,,,,
86,No,13.8815,1908,March,,,,,,,,,,,,
87,No,60.2271,1908,April,,,,,,,,,,,,
88,No,15.155,1908,May,,,,,,,,,,,,
89,No,10.8517,1908,June,,,,,,,,,,,,
90,No,100.309,1908,July,,,,,,,,,,,,
91,No,90.0436,1908,August,,,,,,,,,,,,
92,No,27.5185,1908,September,,,,,,,,,,,,
93,No,2.64982,1908,October,,,,,,,,,,,,
94,No,0.30752,1908,November,,,,,,,,,,,,
95,No,19.4151,1908,December,,,,,,,,,,,,
96,No,22.0417,1909,January,,,,,,,,,,,,
97,No,34.5044,1909,February,,,,,,,,,,,,
98,No,17.239,1909,March,,,,,,,,,,,,
99,No,49.3441,1909,April,,,,,,,,,,,,
100,No,5.69387,1909,May,,,,,,,,,,,,
101,No,25.5863,1909,June,,,,,,,,,,,,
102,No,110.821,1909,July,,,,,,,,,,,,
103,No,27.676,1909,August,,,,,,,,,,,,
104,No,35.4963,1909,September,,,,,,,,,,,,
105,No,3.77207,1909,October,,,,,,,,,,,,
106,No,2.09046,1909,November,,,,,,,,,,,,
107,No,39.1434,1909,December,,,,,,,,,,,,
108,No,48.6834,1910,January,,,,,,,,,,,,
109,No,10.0486,1910,February,,,,,,,,,,,,
110,No,12.8771,1910,March,,,,,,,,,,,,
111,No,28.8651,1910,April,,,,,,,,,,,,
112,No,8.65424,1910,May,,,,,,,,,,,,
113,No,33.9063,1910,June,,,,,,,,,,,,
114,No,73.1194,1910,July,,,,,,,,,,,,
115,No,83.1,1910,August,,,,,,,,,,,,
116,No,4.58992,1910,September,,,,,,,,,,,,
117,No,1.80884,1910,October,,,,,,,,,,,,
118,No,0.18159,1910,November,,,,,,,,,,,,
119,No,7.09619,1910,December,,,,,,,,,,,,
120,No,62.1624,1911,January,,,,,,,,,,,,
121,No,13.6268,1911,February,,,,,,,,,,,,
122,No,63.2829,1911,March,,,,,,,,,,,,
123,No,13.1245,1911,April,,,,,,,,,,,,
124,No,11.5385,1911,May,,,,,,,,,,,,
125,No,8.98892,1911,June,,,,,,,,,,,,
126,No,8.07602,1911,July,,,,,,,,,,,,
127,No,14.2183,1911,August,,,,,,,,,,,,
128,No,9.62532,1911,September,,,,,,,,,,,,
129,No,5.47875,1911,October,,,,,,,,,,,,
130,No,9.19291,1911,November,,,,,,,,,,,,
131,No,11.3108,1911,December,,,,,,,,,,,,
132,No,49.9539,1912,January,,,,,,,,,,,,
133,No,17.0454,1912,February,,,,,,,,,,,,
134,No,7.75363,1912,March,,,,,,,,,,,,
135,No,25.0325,1912,April,,,,,,,,,,,,
136,No,21.5984,1912,May,,,,,,,,,,,,
137,No,13.9635,1912,June,,,,,,,,,,,,
138,No,41.5568,1912,July,,,,,,,,,,,,
139,No,50.7721,1912,August,,,,,,,,,,,,
140,No,8.37116,1912,September,,,,,,,,,,,,
141,No,2.50569,1912,October,,,,,,,,,,,,
142,No,2.01322,1912,November,,,,,,,,,,,,
143,No,22.5349,1912,December,,,,,,,,,,,,
144,No,13.1557,1913,January,,,,,,,,,,,,
145,No,31.3535,1913,February,,,,,,,,,,,,
146,No,27.0575,1913,March,,,,,,,,,,,,
147,No,18.966,1913,April,,,,,,,,,,,,
148,No,12.7484,1913,May,,,,,,,,,,,,
149,No,26.7758,1913,June,,,,,,,,,,,,
150,No,43.3387,1913,July,,,,,,,,,,,,
151,No,52.2582,1913,August,,,,,,,,,,,,
152,No,29.0657,1913,September,,,,,,,,,,,,
153,No,3.23762,1913,October,,,,,,,,,,,,
154,No,4.07875,1913,November,,,,,,,,,,,,
155,No,25.6171,1913,December,,,,,,,,,,,,
156,No,23.0338,1914,January,,,,,,,,,,,,
157,No,44.1405,1914,February,,,,,,,,,,,,
158,No,21.0917,1914,March,,,,,,,,,,,,
159,No,44.5625,1914,April,,,,,,,,,,,,
160,No,11.9432,1914,May,,,,,,,,,,,,
161,No,34.2121,1914,June,,,,,,,,,,,,
162,No,110.802,1914,July,,,,,,,,,,,,
163,No,25.4436,1914,August,,,,,,,,,,,,
164,No,34.385,1914,September,,,,,,,,,,,,
165,No,24.642,1914,October,,,,,,,,,,,,
166,No,9.71607,1914,November,,,,,,,,,,,,
167,No,10.0941,1914,December,,,,,,,,,,,,
168,No,4.79381,1915,January,,,,,,,,,,,,
169,No,35.6388,1915,February,,,,,,,,,,,,
170,No,26.8453,1915,March,,,,,,,,,,,,
171,No,53.0118,1915,April,,,,,,,,,,,,
172,No,4.94112,1915,May,,,,,,,,,,,,
173,No,12.8614,1915,June,,,,,,,,,,,,
174,No,35.4379,1915,July,,,,,,,,,,,,
175,No,11.9239,1915,August,,,,,,,,,,,,
176,No,16.1701,1915,September,,,,,,,,,,,,
177,No,13.3508,1915,October,,,,,,,,,,,,
178,No,0.68016,1915,November,,,,,,,,,,,,
179,No,6.75773,1915,December,,,,,,,,,,,,
180,No,20.4452,1916,January,,,,,,,,,,,,
181,No,22.4321,1916,February,,,,,,,,,,,,
182,No,9.38123,1916,March,,,,,,,,,,,,
183,No,38.9866,1916,April,,,,,,,,,,,,
184,No,27.0144,1916,May,,,,,,,,,,,,
185,No,13.7413,1916,June,,,,,,,,,,,,
186,No,53.6625,1916,July,,,,,,,,,,,,
187,No,154.055,1916,August,,,,,,,,,,,,
188,No,26.0831,1916,September,,,,,,,,,,,,
189,No,12.044,1916,October,,,,,,,,,,,,
190,No,0.12818,1916,November,,,,,,,,,,,,
191,No,0.91797,1916,December,,,,,,,,,,,,
192,No,15.2669,1917,January,,,,,,,,,,,,
193,No,3.4687,1917,February,,,,,,,,,,,,
194,No,34.8237,1917,March,,,,,,,,,,,,
195,No,16.7887,1917,April,,,,,,,,,,,,
196,No,20.6214,1917,May,,,,,,,,,,,,
197,No,19.5138,1917,June,,,,,,,,,,,,
198,No,21.9135,1917,July,,,,,,,,,,,,
199,No,105.647,1917,August,,,,,,,,,,,,
200,No,79.48,1917,September,,,,,,,,,,,,
201,No,11.5993,1917,October,,,,,,,,,,,,
202,No,0.10584,1917,November,,,,,,,,,,,,
203,No,18.1581,1917,December,,,,,,,,,,,,
204,No,3.67758,1918,January,,,,,,,,,,,,
205,No,4.3403,1918,February,,,,,,,,,,,,
206,No,52.7667,1918,March,,,,,,,,,,,,
207,No,31.7855,1918,April,,,,,,,,,,,,
208,No,3.40381,1918,May,,,,,,,,,,,,
209,No,16.202,1918,June,,,,,,,,,,,,
210,No,10.716,1918,July,,,,,,,,,,,,
211,No,23.632,1918,August,,,,,,,,,,,,
212,No,12.0347,1918,September,,,,,,,,,,,,
213,No,1.94249,1918,October,,,,,,,,,,,,
214,No,6.6346,1918,November,,,,,,,,,,,,
215,No,36.2052,1918,December,,,,,,,,,,,,
216,No,38.0603,1919,January,,,,,,,,,,,,
217,No,18.1172,1919,February,,,,,,,,,,,,
218,No,27.477,1919,March,,,,,,,,,,,,
219,No,20.9388,1919,April,,,,,,,,,,,,
220,No,10.555,1919,May,,,,,,,,,,,,
221,No,2.64043,1919,June,,,,,,,,,,,,
222,No,69.2101,1919,July,,,,,,,,,,,,
223,No,74.5446,1919,August,,,,,,,,,,,,
224,No,16.1689,1919,September,,,,,,,,,,,,
225,No,1.24296,1919,October,,,,,,,,,,,,
226,No,0.64859,1919,November,,,,,,,,,,,,
227,No,38.828,1919,December,,,,,,,,,,,,
228,No,35.7668,1920,January,,,,,,,,,,,,
229,No,22.6303,1920,February,,,,,,,,,,,,
230,No,36.08,1920,March,,,,,,,,,,,,
231,No,22.3086,1920,April,,,,,,,,,,,,
232,No,16.5041,1920,May,,,,,,,,,,,,
233,No,13.6575,1920,June,,,,,,,,,,,,
234,No,19.9772,1920,July,,,,,,,,,,,,
235,No,16.8843,1920,August,,,,,,,,,,,,
236,No,11.888,1920,September,,,,,,,,,,,,
237,No,1.16082,1920,October,,,,,,,,,,,,
238,No,4.45309,1920,November,,,,,,,,,,,,
239,No,3.59087,1920,December,,,,,,,,,,,,
240,No,9.92568,1921,January,,,,,,,,,,,,
241,No,4.74141,1921,February,,,,,,,,,,,,
242,No,14.8642,1921,March,,,,,,,,,,,,
243,No,16.3766,1921,April,,,,,,,,,,,,
244,No,9.02189,1921,May,,,,,,,,,,,,
245,No,12.5584,1921,June,,,,,,,,,,,,
246,No,72.2176,1921,July,,,,,,,,,,,,
247,No,89.2192,1921,August,,,,,,,,,,,,
248,No,16.9813,1921,September,,,,,,,,,,,,
249,No,9.28153,1921,October,,,,,,,,,,,,
250,No,2.22099,1921,November,,,,,,,,,,,,
251,No,33.1487,1921,December,,,,,,,,,,,,
252,No,18.7877,1922,January,,,,,,,,,,,,
253,No,39.9547,1922,February,,,,,,,,,,,,
254,No,15.9975,1922,March,,,,,,,,,,,,
255,No,8.44737,1922,April,,,,,,,,,,,,
256,No,18.9858,1922,May,,,,,,,,,,,,
257,No,12.9477,1922,June,,,,,,,,,,,,
258,No,29.9843,1922,July,,,,,,,,,,,,
259,No,32.035,1922,August,,,,,,,,,,,,
260,No,43.9223,1922,September,,,,,,,,,,,,
261,No,4.74138,1922,October,,,,,,,,,,,,
262,No,0.19436,1922,November,,,,,,,,,,,,
263,No,15.6486,1922,December,,,,,,,,,,,,
264,No,35.9669,1923,January,,,,,,,,,,,,
265,No,40.3208,1923,February,,,,,,,,,,,,
266,No,23.3626,1923,March,,,,,,,,,,,,
267,No,17.9709,1923,April,,,,,,,,,,,,
268,No,23.7718,1923,May,,,,,,,,,,,,
269,No,4.37135,1923,June,,,,,,,,,,,,
270,No,36.6953,1923,July,,,,,,,,,,,,
271,No,83.1012,1923,August,,,,,,,,,,,,
272,No,7.74047,1923,September,,,,,,,,,,,,
273,No,9.61971,1923,October,,,,,,,,,,,,
274,No,0.5534,1923,November,,,,,,,,,,,,
275,No,9.77863,1923,December,,,,,,,,,,,,
276,No,27.7769,1924,January,,,,,,,,,,,,
277,No,52.4768,1924,February,,,,,,,,,,,,
278,No,18.5206,1924,March,,,,,,,,,,,,
279,No,41.0689,1924,April,,,,,,,,,,,,
280,No,40.4323,1924,May,,,,,,,,,,,,
281,No,1.17319,1924,June,,,,,,,,,,,,
282,No,47.4231,1924,July,,,,,,,,,,,,
283,No,21.8061,1924,August,,,,,,,,,,,,
284,No,46.2479,1924,September,,,,,,,,,,,,
285,No,0.64327,1924,October,,,,,,,,,,,,
286,No,4.09587,1924,November,,,,,,,,,,,,
287,No,41.6146,1924,December,,,,,,,,,,,,
288,No,14.2756,1925,January,,,,,,,,,,,,
289,No,15.1582,1925,February,,,,,,,,,,,,
290,No,9.02434,1925,March,,,,,,,,,,,,
291,No,7.80475,1925,April,,,,,,,,,,,,
292,No,32.2283,1925,May,,,,,,,,,,,,
293,No,16.5857,1925,June,,,,,,,,,,,,
294,No,55.3342,1925,July,,,,,,,,,,,,
295,No,34.2365,1925,August,,,,,,,,,,,,
296,No,16.3121,1925,September,,,,,,,,,,,,
297,No,11.9817,1925,October,,,,,,,,,,,,
298,No,9.60262,1925,November,,,,,,,,,,,,
299,No,0.91499,1925,December,,,,,,,,,,,,
300,No,24.4413,1926,January,,,,,,,,,,,,
301,No,12.882,1926,February,,,,,,,,,,,,
302,No,63.5215,1926,March,,,,,,,,,,,,
303,No,31.4509,1926,April,,,,,,,,,,,,
304,No,20.4858,1926,May,,,,,,,,,,,,
305,No,8.98922,1926,June,,,,,,,,,,,,
306,No,34.713,1926,July,,,,,,,,,,,,
307,No,74.1229,1926,August,,,,,,,,,,,,
308,No,42.7293,1926,September,,,,,,,,,,,,
309,No,0.49156,1926,October,,,,,,,,,,,,
310,No,0.52748,1926,November,,,,,,,,,,,,
311,No,18.7861,1926,December,,,,,,,,,,,,
312,No,13.352,1927,January,,,,,,,,,,,,
313,No,30.2914,1927,February,,,,,,,,,,,,
314,No,20.1701,1927,March,,,,,,,,,,,,
315,No,14.6287,1927,April,,,,,,,,,,,,
316,No,8.23821,1927,May,,,,,,,,,,,,
317,No,8.39599,1927,June,,,,,,,,,,,,
318,No,94.2809,1927,July,,,,,,,,,,,,
319,No,29.1965,1927,August,,,,,,,,,,,,
320,No,13.8769,1927,September,,,,,,,,,,,,
321,No,1.65613,1927,October,,,,,,,,,,,,
322,No,1.01834,1927,November,,,,,,,,,,,,
323,No,42.566,1927,December,,,,,,,,,,,,
324,No,13.1354,1928,January,,,,,,,,,,,,
325,No,34.7922,1928,February,,,,,,,,,,,,
326,No,27.0924,1928,March,,,,,,,,,,,,
327,No,14.9065,1928,April,,,,,,,,,,,,
328,No,3.78452,1928,May,,,,,,,,,,,,
329,No,5.63625,1928,June,,,,,,,,,,,,
330,No,24.1495,1928,July,,,,,,,,,,,,
331,No,37.0993,1928,August,,,,,,,,,,,,
332,No,29.5816,1928,September,,,,,,,,,,,,
333,No,4.76729,1928,October,,,,,,,,,,,,
334,No,19.6052,1928,November,,,,,,,,,,,,
335,No,20.3335,1928,December,,,,,,,,,,,,
336,No,25.9579,1929,January,,,,,,,,,,,,
337,No,18.6647,1929,February,,,,,,,,,,,,
338,No,8.94673,1929,March,,,,,,,,,,,,
339,No,12.8088,1929,April,,,,,,,,,,,,
340,No,10.8868,1929,May,,,,,,,,,,,,
341,No,14.4611,1929,June,,,,,,,,,,,,
342,No,145.618,1929,July,,,,,,,,,,,,
343,No,89.806,1929,August,,,,,,,,,,,,
344,No,3.18438,1929,September,,,,,,,,,,,,
345,No,6.89097,1929,October,,,,,,,,,,,,
346,No,8.4176,1929,November,,,,,,,,,,,,
347,No,22.8815,1929,December,,,,,,,,,,,,
348,No,32.3071,1930,January,,,,,,,,,,,,
349,No,16.2961,1930,February,,,,,,,,,,,,
350,No,16.7301,1930,March,,,,,,,,,,,,
351,No,55.3931,1930,April,,,,,,,,,,,,
352,No,11.4558,1930,May,,,,,,,,,,,,
353,No,15.2333,1930,June,,,,,,,,,,,,
354,No,93.8898,1930,July,,,,,,,,,,,,
355,No,13.0779,1930,August,,,,,,,,,,,,
356,No,19.8918,1930,September,,,,,,,,,,,,
357,No,4.73209,1930,October,,,,,,,,,,,,
358,No,0.9404,1930,November,,,,,,,,,,,,
359,No,3.91869,1930,December,,,,,,,,,,,,
360,No,31.205,1931,January,,,,,,,,,,,,
361,No,52.4215,1931,February,,,,,,,,,,,,
362,No,12.8384,1931,March,,,,,,,,,,,,
363,No,24.4085,1931,April,,,,,,,,,,,,
364,No,26.5103,1931,May,,,,,,,,,,,,
365,No,25.5995,1931,June,,,,,,,,,,,,
366,No,55.9034,1931,July,,,,,,,,,,,,
367,No,42.1351,1931,August,,,,,,,,,,,,
368,No,9.9938,1931,September,,,,,,,,,,,,
369,No,16.0189,1931,October,,,,,,,,,,,,
370,No,3.87184,1931,November,,,,,,,,,,,,
371,No,4.63594,1931,December,,,,,,,,,,,,
372,No,26.7392,1932,January,,,,,,,,,,,,
373,No,10.7904,1932,February,,,,,,,,,,,,
374,No,46.6057,1932,March,,,,,,,,,,,,
375,No,8.74017,1932,April,,,,,,,,,,,,
376,No,10.6746,1932,May,,,,,,,,,,,,
377,No,15.674,1932,June,,,,,,,,,,,,
378,No,113.954,1932,July,,,,,,,,,,,,
379,No,61.3524,1932,August,,,,,,,,,,,,
380,No,4.39812,1932,September,,,,,,,,,,,,
381,No,4.01409,1932,October,,,,,,,,,,,,
382,No,0.43016,1932,November,,,,,,,,,,,,
383,No,12.8274,1932,December,,,,,,,,,,,,
384,No,25.4788,1933,January,,,,,,,,,,,,
385,No,21.9499,1933,February,,,,,,,,,,,,
386,No,39.5348,1933,March,,,,,,,,,,,,
387,No,33.2832,1933,April,,,,,,,,,,,,
388,No,16.7729,1933,May,,,,,,,,,,,,
389,No,16.269,1933,June,,,,,,,,,,,,
390,No,75.3341,1933,July,,,,,,,,,,,,
391,No,102.081,1933,August,,,,,,,,,,,,
392,No,23.0784,1933,September,,,,,,,,,,,,
393,No,3.98831,1933,October,,,,,,,,,,,,
394,No,2.72915,1933,November,,,,,,,,,,,,
395,No,14.1313,1933,December,,,,,,,,,,,,
396,No,19.2027,1934,January,,,,,,,,,,,,
397,No,14.1642,1934,February,,,,,,,,,,,,
398,No,31.5287,1934,March,,,,,,,,,,,,
399,No,31.4163,1934,April,,,,,,,,,,,,
400,No,17.8854,1934,May,,,,,,,,,,,,
401,No,16.6664,1934,June,,,,,,,,,,,,
402,No,26.888,1934,July,,,,,,,,,,,,
403,No,83.3958,1934,August,,,,,,,,,,,,
404,No,9.9666,1934,September,,,,,,,,,,,,
405,No,2.8108,1934,October,,,,,,,,,,,,
406,No,2.35865,1934,November,,,,,,,,,,,,
407,No,16.5685,1934,December,,,,,,,,,,,,
408,No,50.2232,1935,January,,,,,,,,,,,,
409,No,55.8465,1935,February,,,,,,,,,,,,
410,No,23.9489,1935,March,,,,,,,,,,,,
411,No,58.9393,1935,April,,,,,,,,,,,,
412,No,10.5603,1935,May,,,,,,,,,,,,
413,No,10.4809,1935,June,,,,,,,,,,,,
414,No,43.4936,1935,July,,,,,,,,,,,,
415,No,42.2543,1935,August,,,,,,,,,,,,
416,No,14.5429,1935,September,,,,,,,,,,,,
417,No,8.22242,1935,October,,,,,,,,,,,,
418,No,8.05263,1935,November,,,,,,,,,,,,
419,No,2.97032,1935,December,,,,,,,,,,,,
420,No,17.1451,1936,January,,,,,,,,,,,,
421,No,57.0899,1936,February,,,,,,,,,,,,
422,No,38.0715,1936,March,,,,,,,,,,,,
423,No,18.2543,1936,April,,,,,,,,,,,,
424,No,27.1927,1936,May,,,,,,,,,,,,
425,No,27.4385,1936,June,,,,,,,,,,,,
426,No,25.6255,1936,July,,,,,,,,,,,,
427,No,19.6528,1936,August,,,,,,,,,,,,
428,No,15.4076,1936,September,,,,,,,,,,,,
429,No,5.47314,1936,October,,,,,,,,,,,,
430,No,12.3342,1936,November,,,,,,,,,,,,
431,No,16.3721,1936,December,,,,,,,,,,,,
432,No,20.7952,1937,January,,,,,,,,,,,,
433,No,57.7165,1937,February,,,,,,,,,,,,
434,No,32.6619,1937,March,,,,,,,,,,,,
435,No,47.3676,1937,April,,,,,,,,,,,,
436,No,7.45861,1937,May,,,,,,,,,,,,
437,No,5.52735,1937,June,,,,,,,,,,,,
438,No,97.1825,1937,July,,,,,,,,,,,,
439,No,2.46915,1937,August,,,,,,,,,,,,
440,No,16.3548,1937,September,,,,,,,,,,,,
441,No,8.56207,1937,October,,,,,,,,,,,,
442,No,2.07194,1937,November,,,,,,,,,,,,
443,No,17.0892,1937,December,,,,,,,,,,,,
444,No,52.7538,1938,January,,,,,,,,,,,,
445,No,23.2189,1938,February,,,,,,,,,,,,
446,No,20.393,1938,March,,,,,,,,,,,,
447,No,24.7071,1938,April,,,,,,,,,,,,
448,No,3.56816,1938,May,,,,,,,,,,,,
449,No,32.8899,1938,June,,,,,,,,,,,,
450,No,48.888,1938,July,,,,,,,,,,,,
451,No,38.309,1938,August,,,,,,,,,,,,
452,No,2.96804,1938,September,,,,,,,,,,,,
453,No,3.88538,1938,October,,,,,,,,,,,,
454,No,2.05724,1938,November,,,,,,,,,,,,
455,No,16.8484,1938,December,,,,,,,,,,,,
456,No,21.8429,1939,January,,,,,,,,,,,,
457,No,76.0329,1939,February,,,,,,,,,,,,
458,No,64.9968,1939,March,,,,,,,,,,,,
459,No,33.474,1939,April,,,,,,,,,,,,
460,No,5.93996,1939,May,,,,,,,,,,,,
461,No,7.81959,1939,June,,,,,,,,,,,,
462,No,19.9689,1939,July,,,,,,,,,,,,
463,No,16.0148,1939,August,,,,,,,,,,,,
464,No,5.5909,1939,September,,,,,,,,,,,,
465,No,8.54513,1939,October,,,,,,,,,,,,
466,No,1.50351,1939,November,,,,,,,,,,,,
467,No,8.10614,1939,December,,,,,,,,,,,,
468,No,43.1928,1940,January,,,,,,,,,,,,
469,No,30.6731,1940,February,,,,,,,,,,,,
470,No,26.4761,1940,March,,,,,,,,,,,,
471,No,19.2397,1940,April,,,,,,,,,,,,
472,No,21.4832,1940,May,,,,,,,,,,,,
473,No,35.6621,1940,June,,,,,,,,,,,,
474,No,18.5754,1940,July,,,,,,,,,,,,
475,No,35.6084,1940,August,,,,,,,,,,,,
476,No,9.7331,1940,September,,,,,,,,,,,,
477,No,3.70525,1940,October,,,,,,,,,,,,
478,No,4.16205,1940,November,,,,,,,,,,,,
479,No,7.2564,1940,December,,,,,,,,,,,,
480,No,18.3481,1941,January,,,,,,,,,,,,
481,No,12.1747,1941,February,,,,,,,,,,,,
482,No,24.0993,1941,March,,,,,,,,,,,,
483,No,32.6426,1941,April,,,,,,,,,,,,
484,No,9.43239,1941,May,,,,,,,,,,,,
485,No,8.50974,1941,June,,,,,,,,,,,,
486,No,45.81,1941,July,,,,,,,,,,,,
487,No,21.0318,1941,August,,,,,,,,,,,,
488,No,20.3119,1941,September,,,,,,,,,,,,
489,No,2.53545,1941,October,,,,,,,,,,,,
490,No,3.01371,1941,November,,,,,,,,,,,,
491,No,15.7911,1941,December,,,,,,,,,,,,
492,No,55.169,1942,January,,,,,,,,,,,,
493,No,53.9409,1942,February,,,,,,,,,,,,
494,No,19.6547,1942,March,,,,,,,,,,,,
495,No,19.7194,1942,April,,,,,,,,,,,,
496,No,38.4209,1942,May,,,,,,,,,,,,
497,No,31.0639,1942,June,,,,,,,,,,,,
498,No,101.84,1942,July,,,,,,,,,,,,
499,No,37.0677,1942,August,,,,,,,,,,,,
500,No,22.0441,1942,September,,,,,,,,,,,,
501,No,5.03011,1942,October,,,,,,,,,,,,
502,No,4.25811,1942,November,,,,,,,,,,,,
503,No,26.4945,1942,December,,,,,,,,,,,,
504,No,58.2901,1943,January,,,,,,,,,,,,
505,No,5.57775,1943,February,,,,,,,,,,,,
506,No,26.7344,1943,March,,,,,,,,,,,,
507,No,34.1384,1943,April,,,,,,,,,,,,
508,No,23.3824,1943,May,,,,,,,,,,,,
509,No,10.1402,1943,June,,,,,,,,,,,,
510,No,46.4736,1943,July,,,,,,,,,,,,
511,No,29.4262,1943,August,,,,,,,,,,,,
512,No,15.7967,1943,September,,,,,,,,,,,,
513,No,3.90013,1943,October,,,,,,,,,,,,
514,No,2.2677,1943,November,,,,,,,,,,,,
515,No,3.62004,1943,December,,,,,,,,,,,,
516,No,48.1277,1944,January,,,,,,,,,,,,
517,No,64.9179,1944,February,,,,,,,,,,,,
518,No,38.2779,1944,March,,,,,,,,,,,,
519,No,31.2336,1944,April,,,,,,,,,,,,
520,No,8.14759,1944,May,,,,,,,,,,,,
521,No,9.37007,1944,June,,,,,,,,,,,,
522,No,98.6377,1944,July,,,,,,,,,,,,
523,No,136.962,1944,August,,,,,,,,,,,,
524,No,15.0417,1944,September,,,,,,,,,,,,
525,No,5.54882,1944,October,,,,,,,,,,,,
526,No,8.30947,1944,November,,,,,,,,,,,,
527,No,29.7959,1944,December,,,,,,,,,,,,
528,No,38.8791,1945,January,,,,,,,,,,,,
529,No,11.7038,1945,February,,,,,,,,,,,,
530,No,24.6168,1945,March,,,,,,,,,,,,
531,No,34.16,1945,April,,,,,,,,,,,,
532,No,12.045,1945,May,,,,,,,,,,,,
533,No,25.523,1945,June,,,,,,,,,,,,
534,No,106.458,1945,July,,,,,,,,,,,,
535,No,38.081,1945,August,,,,,,,,,,,,
536,No,24.0178,1945,September,,,,,,,,,,,,
537,No,5.61034,1945,October,,,,,,,,,,,,
538,No,4.99154,1945,November,,,,,,,,,,,,
539,No,12.0397,1945,December,,,,,,,,,,,,
540,No,14.8902,1946,January,,,,,,,,,,,,
541,No,26.0587,1946,February,,,,,,,,,,,,
542,No,13.9942,1946,March,,,,,,,,,,,,
543,No,5.6812,1946,April,,,,,,,,,,,,
544,No,5.64115,1946,May,,,,,,,,,,,,
545,No,12.3442,1946,June,,,,,,,,,,,,
546,No,26.171,1946,July,,,,,,,,,,,,
547,No,77.1827,1946,August,,,,,,,,,,,,
548,No,4.63755,1946,September,,,,,,,,,,,,
549,No,8.7803,1946,October,,,,,,,,,,,,
550,No,5.09657,1946,November,,,,,,,,,,,,
551,No,11.3736,1946,December,,,,,,,,,,,,
552,No,31.4211,1947,January,,,,,,,,,,,,
553,No,30.8748,1947,February,,,,,,,,,,,,
554,No,19.6091,1947,March,,,,,,,,,,,,
555,No,3.89161,1947,April,,,,,,,,,,,,
556,No,17.1172,1947,May,,,,,,,,,,,,
557,No,8.28901,1947,June,,,,,,,,,,,,
558,No,22.0234,1947,July,,,,,,,,,,,,
559,No,46.1195,1947,August,,,,,,,,,,,,
560,No,21.2747,1947,September,,,,,,,,,,,,
561,No,4.27195,1947,October,,,,,,,,,,,,
562,No,5.62064,1947,November,,,,,,,,,,,,
563,No,15.2268,1947,December,,,,,,,,,,,,
564,No,11.4407,1948,January,,,,,,,,,,,,
565,No,42.7869,1948,February,,,,,,,,,,,,
566,No,48.0123,1948,March,,,,,,,,,,,,
567,No,25.1017,1948,April,,,,,,,,,,,,
568,No,9.07401,1948,May,,,,,,,,,,,,
569,No,18.8198,1948,June,,,,,,,,,,,,
570,No,79.8786,1948,July,,,,,,,,,,,,
571,No,44.5498,1948,August,,,,,,,,,,,,
572,No,11.1338,1948,September,,,,,,,,,,,,
573,No,2.6953,1948,October,,,,,,,,,,,,
574,No,3.45944,1948,November,,,,,,,,,,,,
575,No,24.9507,1948,December,,,,,,,,,,,,
576,No,14.5772,1949,January,,,,,,,,,,,,
577,No,20.9185,1949,February,,,,,,,,,,,,
578,No,36.7155,1949,March,,,,,,,,,,,,
579,No,11.7593,1949,April,,,,,,,,,,,,
580,No,8.48725,1949,May,,,,,,,,,,,,
581,No,18.1381,1949,June,,,,,,,,,,,,
582,No,51.3335,1949,July,,,,,,,,,,,,
583,No,57.3926,1949,August,,,,,,,,,,,,
584,No,17.4278,1949,September,,,,,,,,,,,,
585,No,2.99065,1949,October,,,,,,,,,,,,
586,No,2.05416,1949,November,,,,,,,,,,,,
587,No,6.46054,1949,December,,,,,,,,,,,,
588,No,60.4773,1950,January,,,,,,,,,,,,
589,No,22.0462,1950,February,,,,,,,,,,,,
590,No,31.9527,1950,March,,,,,,,,,,,,
591,No,26.4562,1950,April,,,,,,,,,,,,
592,No,13.0833,1950,May,,,,,,,,,,,,
593,No,7.0361,1950,June,,,,,,,,,,,,
594,No,62.3368,1950,July,,,,,,,,,,,,
595,No,49.0711,1950,August,,,,,,,,,,,,
596,No,29.9903,1950,September,,,,,,,,,,,,
597,No,2.67137,1950,October,,,,,,,,,,,,
598,No,3.13984,1950,November,,,,,,,,,,,,
599,No,0.80213,1950,December,,,,,,,,,,,,
600,No,17.9641,1951,January,,,,,,,,,,,,
601,No,26.1026,1951,February,,,,,,,,,,,,
602,No,44.9662,1951,March,,,,,,,,,,,,
603,No,24.8592,1951,April,,,,,,,,,,,,
604,No,25.6118,1951,May,,,,,,,,,,,,
605,No,10.9358,1951,June,,,,,,,,,,,,
606,No,23.8066,1951,July,,,,,,,,,,,,
607,No,46.0951,1951,August,,,,,,,,,,,,
608,No,4.32737,1951,September,,,,,,,,,,,,
609,No,6.10609,1951,October,,,,,,,,,,,,
610,No,9.85755,1951,November,,,,,,,,,,,,
611,No,5.62371,1951,December,,,,,,,,,,,,
612,No,21.8835,1952,January,,,,,,,,,,,,
613,No,28.4677,1952,February,,,,,,,,,,,,
614,No,24.2076,1952,March,,,,,,,,,,,,
615,No,14.6128,1952,April,,,,,,,,,,,,
616,No,7.56766,1952,May,,,,,,,,,,,,
617,No,12.9089,1952,June,,,,,,,,,,,,
618,No,54.0252,1952,July,,,,,,,,,,,,
619,No,25.8742,1952,August,,,,,,,,,,,,
620,No,6.00208,1952,September,,,,,,,,,,,,
621,No,1.33603,1952,October,,,,,,,,,,,,
622,No,1.9862,1952,November,,,,,,,,,,,,
623,No,16.6618,1952,December,,,,,,,,,,,,
624,No,25.7333,1953,January,,,,,,,,,,,,
625,No,24.2772,1953,February,,,,,,,,,,,,
626,No,20.904,1953,March,,,,,,,,,,,,
627,No,20.1409,1953,April,,,,,,,,,,,,
628,No,15.874,1953,May,,,,,,,,,,,,
629,No,22.1359,1953,June,,,,,,,,,,,,
630,No,47.3657,1953,July,,,,,,,,,,,,
631,No,77.7919,1953,August,,,,,,,,,,,,
632,No,21.0016,1953,September,,,,,,,,,,,,
633,No,10.7566,1953,October,,,,,,,,,,,,
634,No,4.32299,1953,November,,,,,,,,,,,,
635,No,13.8055,1953,December,,,,,,,,,,,,
636,No,48.7824,1954,January,,,,,,,,,,,,
637,No,65.4074,1954,February,,,,,,,,,,,,
638,No,22.7319,1954,March,,,,,,,,,,,,
639,No,18.5023,1954,April,,,,,,,,,,,,
640,No,10.2821,1954,May,,,,,,,,,,,,
641,No,10.5167,1954,June,,,,,,,,,,,,
642,No,30.5518,1954,July,,,,,,,,,,,,
643,No,21.8322,1954,August,,,,,,,,,,,,
644,No,44.9608,1954,September,,,,,,,,,,,,
645,No,8.41373,1954,October,,,,,,,,,,,,
646,No,4.24445,1954,November,,,,,,,,,,,,
647,No,3.28068,1954,December,,,,,,,,,,,,
648,No,28.8648,1955,January,,,,,,,,,,,,
649,No,8.44112,1955,February,,,,,,,,,,,,
650,No,47.2041,1955,March,,,,,,,,,,,,
651,No,8.48304,1955,April,,,,,,,,,,,,
652,No,27.4975,1955,May,,,,,,,,,,,,
653,No,7.20499,1955,June,,,,,,,,,,,,
654,No,27.3777,1955,July,,,,,,,,,,,,
655,No,80.6127,1955,August,,,,,,,,,,,,
656,No,36.0226,1955,September,,,,,,,,,,,,
657,No,7.40846,1955,October,,,,,,,,,,,,
658,No,1.07598,1955,November,,,,,,,,,,,,
659,No,16.6018,1955,December,,,,,,,,,,,,
660,No,35.4311,1956,January,,,,,,,,,,,,
661,No,19.7688,1956,February,,,,,,,,,,,,
662,No,58.4752,1956,March,,,,,,,,,,,,
663,No,34.3327,1956,April,,,,,,,,,,,,
664,No,1.72454,1956,May,,,,,,,,,,,,
665,No,35.6324,1956,June,,,,,,,,,,,,
666,No,125.533,1956,July,,,,,,,,,,,,
667,No,74.6565,1956,August,,,,,,,,,,,,
668,No,11.0303,1956,September,,,,,,,,,,,,
669,No,20.6457,1956,October,,,,,,,,,,,,
670,No,1.66882,1956,November,,,,,,,,,,,,
671,No,13.0949,1956,December,,,,,,,,,,,,
672,No,62.0862,1957,January,,,,,,,,,,,,
673,No,14.6322,1957,February,,,,,,,,,,,,
674,No,36.6081,1957,March,,,,,,,,,,,,
675,No,51.9199,1957,April,,,,,,,,,,,,
676,No,25.8923,1957,May,,,,,,,,,,,,
677,No,17.1486,1957,June,,,,,,,,,,,,
678,No,25.4085,1957,July,,,,,,,,,,,,
679,No,43.4475,1957,August,,,,,,,,,,,,
680,No,7.64757,1957,September,,,,,,,,,,,,
681,No,15.6489,1957,October,,,,,,,,,,,,
682,No,24.461,1957,November,,,,,,,,,,,,
683,No,32.3778,1957,December,,,,,,,,,,,,
684,No,25.5363,1958,January,,,,,,,,,,,,
685,No,9.44109,1958,February,,,,,,,,,,,,
686,No,16.1792,1958,March,,,,,,,,,,,,
687,No,14.091,1958,April,,,,,,,,,,,,
688,No,12.7986,1958,May,,,,,,,,,,,,
689,No,10.9512,1958,June,,,,,,,,,,,,
690,No,56.858,1958,July,,,,,,,,,,,,
691,No,22.5712,1958,August,,,,,,,,,,,,
692,No,31.8638,1958,September,,,,,,,,,,,,
693,No,3.9729,1958,October,,,,,,,,,,,,
694,No,7.80382,1958,November,,,,,,,,,,,,
695,No,54.5402,1958,December,,,,,,,,,,,,
696,No,38.2175,1959,January,,,,,,,,,,,,
697,No,36.426,1959,February,,,,,,,,,,,,
698,No,25.3104,1959,March,,,,,,,,,,,,
699,No,24.9713,1959,April,,,,,,,,,,,,
700,No,32.536,1959,May,,,,,,,,,,,,
701,No,6.17998,1959,June,,,,,,,,,,,,
702,No,109.908,1959,July,,,,,,,,,,,,
703,No,45.5721,1959,August,,,,,,,,,,,,
704,No,32.8209,1959,September,,,,,,,,,,,,
705,No,8.68935,1959,October,,,,,,,,,,,,
706,No,26.1542,1959,November,,,,,,,,,,,,
707,No,17.4243,1959,December,,,,,,,,,,,,
708,No,12.8881,1960,January,,,,,,,,,,,,
709,No,15.5501,1960,February,,,,,,,,,,,,
710,No,48.0119,1960,March,,,,,,,,,,,,
711,No,31.719,1960,April,,,,,,,,,,,,
712,No,13.5125,1960,May,,,,,,,,,,,,
713,No,8.61772,1960,June,,,,,,,,,,,,
714,No,61.681,1960,July,,,,,,,,,,,,
715,No,35.7771,1960,August,,,,,,,,,,,,
716,No,16.0049,1960,September,,,,,,,,,,,,
717,No,1.14299,1960,October,,,,,,,,,,,,
718,No,4.96186,1960,November,,,,,,,,,,,,
719,No,25.758,1960,December,,,,,,,,,,,,
720,No,33.4807,1961,January,,,,,,,,,,,,
721,No,30.3129,1961,February,,,,,,,,,,,,
722,No,15.4388,1961,March,,,,,,,,,,,,
723,No,39.9794,1961,April,,,,,,,,,,,,
724,No,13.8821,1961,May,,,,,,,,,,,,
725,No,23.489,1961,June,,,,,,,,,,,,
726,No,89.9002,1961,July,,,,,,,,,,,,
727,No,46.2971,1961,August,,,,,,,,,,,,
728,No,36.5446,1961,September,,,,,,,,,,,,
729,No,10.0553,1961,October,,,,,,,,,,,,
730,No,9.28469,1961,November,,,,,,,,,,,,
731,No,11.5446,1961,December,,,,,,,,,,,,
732,No,6.7844,1962,January,,,,,,,,,,,,
733,No,18.7275,1962,February,,,,,,,,,,,,
734,No,26.4647,1962,March,,,,,,,,,,,,
735,No,23.2086,1962,April,,,,,,,,,,,,
736,No,15.4038,1962,May,,,,,,,,,,,,
737,No,10.9828,1962,June,,,,,,,,,,,,
738,No,42.9007,1962,July,,,,,,,,,,,,
739,No,46.8747,1962,August,,,,,,,,,,,,
740,No,39.7279,1962,September,,,,,,,,,,,,
741,No,4.00006,1962,October,,,,,,,,,,,,
742,No,10.1943,1962,November,,,,,,,,,,,,
743,No,22.3324,1962,December,,,,,,,,,,,,
744,No,0.99773,1963,January,,,,,,,,,,,,
745,No,16.2037,1963,February,,,,,,,,,,,,
746,No,41.6322,1963,March,,,,,,,,,,,,
747,No,34.1661,1963,April,,,,,,,,,,,,
748,No,35.0543,1963,May,,,,,,,,,,,,
749,No,5.55861,1963,June,,,,,,,,,,,,
750,No,20.415,1963,July,,,,,,,,,,,,
751,No,27.7805,1963,August,,,,,,,,,,,,
752,No,12.5937,1963,September,,,,,,,,,,,,
753,No,3.932,1963,October,,,,,,,,,,,,
754,No,15.3882,1963,November,,,,,,,,,,,,
755,No,12.4367,1963,December,,,,,,,,,,,,
756,No,37.9169,1964,January,,,,,,,,,,,,
757,No,20.617,1964,February,,,,,,,,,,,,
758,No,20.0103,1964,March,,,,,,,,,,,,
759,No,23.3933,1964,April,,,,,,,,,,,,
760,No,10.9025,1964,May,,,,,,,,,,,,
761,No,18.5588,1964,June,,,,,,,,,,,,
762,No,80.9339,1964,July,,,,,,,,,,,,
763,No,56.2686,1964,August,,,,,,,,,,,,
764,No,16.0849,1964,September,,,,,,,,,,,,
765,No,2.10298,1964,October,,,,,,,,,,,,
766,No,1.39828,1964,November,,,,,,,,,,,,
767,No,13.8485,1964,December,,,,,,,,,,,,
768,No,26.2428,1965,January,,,,,,,,,,,,
769,No,24.945,1965,February,,,,,,,,,,,,
770,No,22.0791,1965,March,,,,,,,,,,,,
771,No,59.2074,1965,April,,,,,,,,,,,,
772,No,26.2274,1965,May,,,,,,,,,,,,
773,No,5.02491,1965,June,,,,,,,,,,,,
774,No,64.3407,1965,July,,,,,,,,,,,,
775,No,31.0305,1965,August,,,,,,,,,,,,
776,No,5.04816,1965,September,,,,,,,,,,,,
777,No,8.17512,1965,October,,,,,,,,,,,,
778,No,10.6557,1965,November,,,,,,,,,,,,
779,No,10.4383,1965,December,,,,,,,,,,,,
780,No,1.15251,1966,January,,,,,,,,,,,,
781,No,45.5543,1966,February,,,,,,,,,,,,
782,No,40.4243,1966,March,,,,,,,,,,,,
783,No,33.1559,1966,April,,,,,,,,,,,,
784,No,13.2614,1966,May,,,,,,,,,,,,
785,No,14.1281,1966,June,,,,,,,,,,,,
786,No,45.8264,1966,July,,,,,,,,,,,,
787,No,34.1948,1966,August,,,,,,,,,,,,
788,No,22.35,1966,September,,,,,,,,,,,,
789,No,17.0328,1966,October,,,,,,,,,,,,
790,No,0.5548,1966,November,,,,,,,,,,,,
791,No,2.9438,1966,December,,,,,,,,,,,,
792,No,4.27492,1967,January,,,,,,,,,,,,
793,No,30.2195,1967,February,,,,,,,,,,,,
794,No,62.6848,1967,March,,,,,,,,,,,,
795,No,24.4783,1967,April,,,,,,,,,,,,
796,No,23.5003,1967,May,,,,,,,,,,,,
797,No,8.45779,1967,June,,,,,,,,,,,,
798,Yes,62.1139,1967,July,7.0,Karachi area,,,,1967.0,July,24.0,1967.0,July,24.0,
799,No,71.5948,1967,August,,,,,,,,,,,,
800,No,17.6735,1967,September,,,,,,,,,,,,
801,No,11.9856,1967,October,,,,,,,,,,,,
802,No,6.90142,1967,November,,,,,,,,,,,,
803,No,49.9924,1967,December,,,,,,,,,,,,
804,No,26.3102,1968,January,,,,,,,,,,,,
805,No,29.1857,1968,February,,,,,,,,,,,,
806,No,21.337,1968,March,,,,,,,,,,,,
807,No,17.1485,1968,April,,,,,,,,,,,,
808,No,20.1009,1968,May,,,,,,,,,,,,
809,No,7.3359,1968,June,,,,,,,,,,,,
810,No,28.9279,1968,July,,,,,,,,,,,,
811,No,35.353,1968,August,,,,,,,,,,,,
812,No,1.11097,1968,September,,,,,,,,,,,,
813,No,8.97746,1968,October,,,,,,,,,,,,
814,No,6.29921,1968,November,,,,,,,,,,,,
815,No,13.9851,1968,December,,,,,,,,,,,,
816,No,14.0873,1969,January,,,,,,,,,,,,
817,No,24.9438,1969,February,,,,,,,,,,,,
818,No,20.4253,1969,March,,,,,,,,,,,,
819,No,31.7132,1969,April,,,,,,,,,,,,
820,No,19.819,1969,May,,,,,,,,,,,,
821,No,9.63631,1969,June,,,,,,,,,,,,
822,No,54.8043,1969,July,,,,,,,,,,,,
823,No,19.5314,1969,August,,,,,,,,,,,,
824,No,12.1516,1969,September,,,,,,,,,,,,
825,No,13.014,1969,October,,,,,,,,,,,,
826,No,3.01573,1969,November,,,,,,,,,,,,
827,No,1.45074,1969,December,,,,,,,,,,,,
828,No,30.5653,1970,January,,,,,,,,,,,,
829,No,27.1291,1970,February,,,,,,,,,,,,
830,No,33.5164,1970,March,,,,,,,,,,,,
831,No,15.5043,1970,April,,,,,,,,,,,,
832,No,8.93951,1970,May,,,,,,,,,,,,
833,No,16.5579,1970,June,,,,,,,,,,,,
834,No,46.0735,1970,July,,,,,,,,,,,,
835,No,77.46,1970,August,,,,,,,,,,,,
836,No,40.3373,1970,September,,,,,,,,,,,,
837,No,8.65626,1970,October,,,,,,,,,,,,
838,No,0.47082,1970,November,,,,,,,,,,,,
839,No,4.07001,1970,December,,,,,,,,,,,,
840,No,7.24127,1971,January,,,,,,,,,,,,
841,No,21.513,1971,February,,,,,,,,,,,,
842,No,10.804,1971,March,,,,,,,,,,,,
843,No,16.0094,1971,April,,,,,,,,,,,,
844,No,11.8274,1971,May,,,,,,,,,,,,
845,No,21.4284,1971,June,,,,,,,,,,,,
846,No,44.4069,1971,July,,,,,,,,,,,,
847,No,40.7991,1971,August,,,,,,,,,,,,
848,No,20.2732,1971,September,,,,,,,,,,,,
849,No,1.70755,1971,October,,,,,,,,,,,,
850,No,2.06759,1971,November,,,,,,,,,,,,
851,No,6.26838,1971,December,,,,,,,,,,,,
852,No,34.7957,1972,January,,,,,,,,,,,,
853,No,19.8263,1972,February,,,,,,,,,,,,
854,No,38.6696,1972,March,,,,,,,,,,,,
855,No,22.1973,1972,April,,,,,,,,,,,,
856,No,21.5096,1972,May,,,,,,,,,,,,
857,No,22.1459,1972,June,,,,,,,,,,,,
858,No,35.143,1972,July,,,,,,,,,,,,
859,No,29.401,1972,August,,,,,,,,,,,,
860,No,16.0654,1972,September,,,,,,,,,,,,
861,No,5.55106,1972,October,,,,,,,,,,,,
862,No,6.4597,1972,November,,,,,,,,,,,,
863,No,23.3174,1972,December,,,,,,,,,,,,
864,No,28.3193,1973,January,,,,,,,,,,,,
865,No,22.0498,1973,February,,,,,,,,,,,,
866,No,35.0366,1973,March,,,,,,,,,,,,
867,No,18.082,1973,April,,,,,,,,,,,,
868,No,20.5587,1973,May,,,,,,,,,,,,
869,No,6.31663,1973,June,,,,,,,,,,,,
870,No,83.0911,1973,July,,,,,,,,,,,,
871,No,67.0669,1973,August,,,,,,,,,,,,
872,No,19.8524,1973,September,,,,,,,,,,,,
873,No,3.33128,1973,October,,,,,,,,,,,,
874,No,0.56221,1973,November,,,,,,,,,,,,
875,No,13.3079,1973,December,,,,,,,,,,,,
876,No,20.4081,1974,January,,,,,,,,,,,,
877,No,34.12,1974,February,,,,,,,,,,,,
878,No,12.4535,1974,March,,,,,,,,,,,,
879,No,15.064,1974,April,,,,,,,,,,,,
880,No,15.8986,1974,May,,,,,,,,,,,,
881,No,20.848,1974,June,,,,,,,,,,,,
882,No,41.7686,1974,July,,,,,,,,,,,,
883,No,23.2534,1974,August,,,,,,,,,,,,
884,No,11.2464,1974,September,,,,,,,,,,,,
885,No,1.70523,1974,October,,,,,,,,,,,,
886,No,0.89974,1974,November,,,,,,,,,,,,
887,No,15.6551,1974,December,,,,,,,,,,,,
888,No,26.8503,1975,January,,,,,,,,,,,,
889,No,28.4211,1975,February,,,,,,,,,,,,
890,No,31.389,1975,March,,,,,,,,,,,,
891,No,22.3481,1975,April,,,,,,,,,,,,
892,No,18.8292,1975,May,,,,,,,,,,,,
893,No,26.2635,1975,June,,,,,,,,,,,,
894,No,63.3042,1975,July,,,,,,,,,,,,
895,No,96.6574,1975,August,,,,,,,,,,,,
896,No,37.3772,1975,September,,,,,,,,,,,,
897,No,4.14299,1975,October,,,,,,,,,,,,
898,No,2.73393,1975,November,,,,,,,,,,,,
899,No,7.69655,1975,December,,,,,,,,,,,,
900,No,26.6401,1976,January,,,,,,,,,,,,
901,No,48.1633,1976,February,,,,,,,,,,,,
902,No,51.7926,1976,March,,,,,,,,,,,,
903,No,22.9631,1976,April,,,,,,,,,,,,
904,No,8.51641,1976,May,,,,,,,,,,,,
905,No,21.235,1976,June,,,,,,,,,,,,
906,No,68.3295,1976,July,,,,,,,,,,,,
907,Yes,97.656,1976,August,9.0,"Punjab, Sind, North West Frontier",,,,1976.0,August,2.0,1976.0,August,2.0,
908,No,45.7423,1976,September,,,,,,,,,,,,
909,No,8.08338,1976,October,,,,,,,,,,,,
910,No,1.36519,1976,November,,,,,,,,,,,,
911,No,3.35015,1976,December,,,,,,,,,,,,
912,No,44.242,1977,January,,,,,,,,,,,,
913,No,3.8353,1977,February,,,,,,,,,,,,
914,No,5.09658,1977,March,,,,,,,,,,,,
915,No,27.2329,1977,April,,,,,,,,,,,,
916,No,15.1775,1977,May,,,,,,,,,,,,
917,No,31.0969,1977,June,,,,,,,,,,,,
918,No,74.8961,1977,July,,,,,,,,,,,,
919,No,35.1519,1977,August,,,,,,,,,,,,
920,No,28.696,1977,September,,,,,,,,,,,,
921,No,8.94343,1977,October,,,,,,,,,,,,
922,No,9.8938,1977,November,,,,,,,,,,,,
923,No,10.9998,1977,December,,,,,,,,,,,,
924,No,19.7925,1978,January,,,,,,,,,,,,
925,No,16.6293,1978,February,,,,,,,,,,,,
926,No,46.6385,1978,March,,,,,,,,,,,,
927,No,16.4415,1978,April,,,,,,,,,,,,
928,No,8.48169,1978,May,,,,,,,,,,,,
929,No,21.2366,1978,June,,,,,,,,,,,,
930,No,148.121,1978,July,,,,,,,,,,,,
931,No,59.1608,1978,August,,,,,,,,,,,,
932,No,14.4293,1978,September,,,,,,,,,,,,
933,No,1.69246,1978,October,,,,,,,,,,,,
934,No,17.3604,1978,November,,,,,,,,,,,,
935,No,3.57629,1978,December,,,,,,,,,,,,
936,No,29.7768,1979,January,,,,,,,,,,,,
937,No,43.3052,1979,February,,,,,,,,,,,,
938,No,47.1193,1979,March,,,,,,,,,,,,
939,No,28.4061,1979,April,,,,,,,,,,,,
940,No,20.4325,1979,May,,,,,,,,,,,,
941,No,12.1849,1979,June,,,,,,,,,,,,
942,No,25.5854,1979,July,,,,,,,,,,,,
943,No,66.4542,1979,August,,,,,,,,,,,,
944,No,16.4189,1979,September,,,,,,,,,,,,
945,No,4.78184,1979,October,,,,,,,,,,,,
946,No,11.4957,1979,November,,,,,,,,,,,,
947,No,22.4665,1979,December,,,,,,,,,,,,
948,No,19.0035,1980,January,,,,,,,,,,,,
949,No,29.9826,1980,February,,,,,,,,,,,,
950,No,43.5235,1980,March,,,,,,,,,,,,
951,No,9.2615,1980,April,,,,,,,,,,,,
952,No,12.7197,1980,May,,,,,,,,,,,,
953,No,30.0792,1980,June,,,,,,,,,,,,
954,No,62.1531,1980,July,,,,,,,,,,,,
955,No,34.2454,1980,August,,,,,,,,,,,,
956,No,19.0816,1980,September,,,,,,,,,,,,
957,No,12.7277,1980,October,,,,,,,,,,,,
958,No,10.2885,1980,November,,,,,,,,,,,,
959,No,15.6931,1980,December,,,,,,,,,,,,
960,No,30.6463,1981,January,,,,,,,,,,,,
961,No,32.1889,1981,February,,,,,,,,,,,,
962,No,66.5952,1981,March,,,,,,,,,,,,
963,No,27.3013,1981,April,,,,,,,,,,,,
964,No,17.4683,1981,May,,,,,,,,,,,,
965,No,8.78363,1981,June,,,,,,,,,,,,
966,Yes,84.8033,1981,July,14.0,North regions,,,,1981.0,July,24.0,1981.0,July,24.0,
967,No,38.2932,1981,August,,,,,,,,,,,,
968,No,5.45379,1981,September,,,,,,,,,,,,
969,No,9.53868,1981,October,,,,,,,,,,,,
970,No,7.23586,1981,November,,,,,,,,,,,,
971,No,3.2328,1981,December,,,,,,,,,,,,
972,No,26.7045,1982,January,,,,,,,,,,,,
973,No,43.8462,1982,February,,,,,,,,,,,,
974,No,69.4212,1982,March,,,,,,,,,,,,
975,No,26.6146,1982,April,,,,,,,,,,,,
976,No,28.7386,1982,May,,,,,,,,,,,,
977,No,5.91588,1982,June,,,,,,,,,,,,
978,No,29.9389,1982,July,,,,,,,,,,,,
979,No,58.7005,1982,August,,,,,,,,,,,,
980,No,5.01978,1982,September,,,,,,,,,,,,
981,No,20.175,1982,October,,,,,,,,,,,,
982,No,24.0141,1982,November,,,,,,,,,,,,
983,No,27.1344,1982,December,,,,,,,,,,,,
984,No,19.3975,1983,January,,,,,,,,,,,,
985,No,27.558,1983,February,,,,,,,,,,,,
986,No,40.6978,1983,March,,,,,,,,,,,,
987,No,56.5685,1983,April,,,,,,,,,,,,
988,No,26.2521,1983,May,,,,,,,,,,,,
989,No,13.9626,1983,June,,,,,,,,,,,,
990,No,58.5618,1983,July,,,,,,,,,,,,
991,Yes,105.788,1983,August,16.0,Punjab province,,,,1983.0,August,6.0,1983.0,August,6.0,
992,No,15.65,1983,September,,,,,,,,,,,,
993,No,5.69994,1983,October,,,,,,,,,,,,
994,No,0.92442,1983,November,,,,,,,,,,,,
995,No,8.60111,1983,December,,,,,,,,,,,,
996,No,7.77251,1984,January,,,,,,,,,,,,
997,No,17.4694,1984,February,,,,,,,,,,,,
998,No,26.3116,1984,March,,,,,,,,,,,,
999,No,22.372,1984,April,,,,,,,,,,,,
1000,No,13.4199,1984,May,,,,,,,,,,,,
1001,No,11.7076,1984,June,,,,,,,,,,,,
1002,No,52.6636,1984,July,,,,,,,,,,,,
1003,No,80.2843,1984,August,,,,,,,,,,,,
1004,No,28.9083,1984,September,,,,,,,,,,,,
1005,No,1.63675,1984,October,,,,,,,,,,,,
1006,No,6.73564,1984,November,,,,,,,,,,,,
1007,No,12.675,1984,December,,,,,,,,,,,,
1008,No,16.1033,1985,January,,,,,,,,,,,,
1009,No,4.97319,1985,February,,,,,,,,,,,,
1010,No,12.0366,1985,March,,,,,,,,,,,,
1011,No,35.0544,1985,April,,,,,,,,,,,,
1012,No,13.6178,1985,May,,,,,,,,,,,,
1013,No,7.46966,1985,June,,,,,,,,,,,,
1014,No,57.1505,1985,July,,,,,,,,,,,,
1015,No,54.7685,1985,August,,,,,,,,,,,,
1016,No,4.22109,1985,September,,,,,,,,,,,,
1017,No,8.75089,1985,October,,,,,,,,,,,,
1018,No,1.67728,1985,November,,,,,,,,,,,,
1019,No,33.702,1985,December,,,,,,,,,,,,
1020,No,5.4159,1986,January,,,,,,,,,,,,
1021,No,37.8958,1986,February,,,,,,,,,,,,
1022,No,42.6173,1986,March,,,,,,,,,,,,
1023,No,23.7822,1986,April,,,,,,,,,,,,
1024,No,16.0415,1986,May,,,,,,,,,,,,
1025,No,23.4765,1986,June,,,,,,,,,,,,
1026,No,47.7411,1986,July,,,,,,,,,,,,
1027,No,94.5262,1986,August,,,,,,,,,,,,
1028,No,9.89575,1986,September,,,,,,,,,,,,
1029,No,4.42194,1986,October,,,,,,,,,,,,
1030,No,25.3839,1986,November,,,,,,,,,,,,
1031,No,18.2096,1986,December,,,,,,,,,,,,
1032,No,5.30938,1987,January,,,,,,,,,,,,
1033,No,29.1888,1987,February,,,,,,,,,,,,
1034,No,54.0587,1987,March,,,,,,,,,,,,
1035,No,21.1257,1987,April,,,,,,,,,,,,
1036,No,30.0705,1987,May,,,,,,,,,,,,
1037,No,25.6525,1987,June,,,,,,,,,,,,
1038,No,19.9808,1987,July,,,,,,,,,,,,
1039,No,23.3548,1987,August,,,,,,,,,,,,
1040,No,3.8747,1987,September,,,,,,,,,,,,
1041,No,23.0345,1987,October,,,,,,,,,,,,
1042,No,0.29129,1987,November,,,,,,,,,,,,
1043,No,3.28792,1987,December,,,,,,,,,,,,
1044,No,19.4444,1988,January,,,,,,,,,,,,
1045,No,17.2945,1988,February,,,,,,,,,,,,
1046,No,53.0401,1988,March,,,,,,,,,,,,
1047,No,8.47749,1988,April,,,,,,,,,,,,
1048,No,3.33549,1988,May,,,,,,,,,,,,
1049,No,17.9278,1988,June,,,,,,,,,,,,
1050,No,100.4,1988,July,,,,,,,,,,,,
1051,No,57.4279,1988,August,,,,,,,,,,,,
1052,No,23.7982,1988,September,,,,,,,,,,,,
1053,No,3.53334,1988,October,,,,,,,,,,,,
1054,No,0.71824,1988,November,,,,,,,,,,,,
1055,No,17.8356,1988,December,,,,,,,,,,,,
1056,No,16.5354,1989,January,,,,,,,,,,,,
1057,No,12.2605,1989,February,,,,,,,,,,,,
1058,No,41.2204,1989,March,,,,,,,,,,,,
1059,No,9.66336,1989,April,,,,,,,,,,,,
1060,No,14.575,1989,May,,,,,,,,,,,,
1061,No,14.3944,1989,June,,,,,,,,,,,,
1062,No,111.255,1989,July,,,,,,,,,,,,
1063,Yes,48.2808,1989,August,19.0,"Punjab/Sialkot, Sargodha, Rajanpur, Jhang districts",Heavy rains,,,1989.0,August,4.0,1989.0,August,4.0,
1064,No,12.1511,1989,September,,,,,,,,,,,,
1065,No,3.13078,1989,October,,,,,,,,,,,,
1066,No,8.06886,1989,November,,,,,,,,,,,,
1067,No,23.0545,1989,December,,,,,,,,,,,,
1068,No,37.5664,1990,January,,,,,,,,,,,,
1069,No,57.1569,1990,February,,,,,,,,,,,,
1070,No,35.7753,1990,March,,,,,,,,,,,,
1071,No,17.4093,1990,April,,,,,,,,,,,,
1072,No,12.065,1990,May,,,,,,,,,,,,
1073,No,10.1119,1990,June,,,,,,,,,,,,
1074,No,27.8177,1990,July,,,,,,,,,,,,
1075,No,100.131,1990,August,,,,,,,,,,,,
1076,No,39.8935,1990,September,,,,,,,,,,,,
1077,No,5.64027,1990,October,,,,,,,,,,,,
1078,No,3.57717,1990,November,,,,,,,,,,,,
1079,No,39.7687,1990,December,,,,,,,,,,,,
1080,No,23.5797,1991,January,,,,,,,,,,,,
1081,No,42.6492,1991,February,,,,,,,,,,,,
1082,No,42.4584,1991,March,,,,,,,,,,,,
1083,No,43.043,1991,April,,,,,,,,,,,,
1084,No,26.5375,1991,May,,,,,,,,,,,,
1085,No,10.7911,1991,June,,,,,,,,,,,,
1086,No,20.3078,1991,July,,,,,,,,,,,,
1087,No,33.49,1991,August,,,,,,,,,,,,
1088,No,30.1148,1991,September,,,,,,,,,,,,
1089,No,2.17714,1991,October,,,,,,,,,,,,
1090,No,4.33636,1991,November,,,,,,,,,,,,
1091,No,9.12149,1991,December,,,,,,,,,,,,
1092,No,53.9661,1992,January,,,,,,,,,,,,
1093,No,29.1195,1992,February,,,,,,,,,,,,
1094,No,38.7504,1992,March,,,,,,,,,,,,
1095,No,40.764,1992,April,,,,,,,,,,,,
1096,No,23.8701,1992,May,,,,,,,,,,,,
1097,No,5.56877,1992,June,,,,,,,,,,,,
1098,Yes,54.8721,1992,July,22.0,Sindh province,,,,1992.0,July,15.0,1992.0,July,31.0,
1099,Yes,69.1804,1992,August,22.0,Sindh province,,,,1992.0,August,1.0,1992.0,August,10.0,
1100,Yes,28.7059,1992,September,21.0,Azad Kashmir and Punjab,Monsoonal rain,,,1992.0,September,8.0,1992.0,September,18.0,
1101,No,12.1746,1992,October,,,,,,,,,,,,
1102,No,7.92377,1992,November,,,,,,,,,,,,
1103,No,13.6849,1992,December,,,,,,,,,,,,
1104,No,29.6088,1993,January,,,,,,,,,,,,
1105,No,15.8378,1993,February,,,,,,,,,,,,
1106,No,32.1792,1993,March,,,,,,,,,,,,
1107,No,19.6552,1993,April,,,,,,,,,,,,
1108,No,15.3862,1993,May,,,,,,,,,,,,
1109,No,19.6844,1993,June,,,,,,,,,,,,
1110,Yes,73.2203,1993,July,23.0,"Narowal, Sialkot, Kasur, Lahore, Faisalabad, Multan, Khanewal, Lodhran, Muzaffargarh, Rajanpur, Sheikhupura, Rahimyarkhan, Jhang, Bhawalnagar districts (Punjab province)",,,,1993.0,July,7.0,1993.0,July,7.0,
1111,No,11.8972,1993,August,,,,,,,,,,,,
1112,No,18.1405,1993,September,,,,,,,,,,,,
1113,No,2.95508,1993,October,,,,,,,,,,,,
1114,No,9.43055,1993,November,,,,,,,,,,,,
1115,No,0.80544,1993,December,,,,,,,,,,,,
1116,No,19.5592,1994,January,,,,,,,,,,,,
1117,No,29.1929,1994,February,,,,,,,,,,,,
1118,No,23.597,1994,March,,,,,,,,,,,,
1119,No,26.8942,1994,April,,,,,,,,,,,,
1120,No,19.8453,1994,May,,,,,,,,,,,,
1121,No,21.5863,1994,June,,,,,,,,,,,,
1122,Yes,116.973,1994,July,24.0,"Murree, Risalpur, Karachi, Pashawar, Lahore, Sialkot, Multan, Bahawalpur, Shorkot, Quetta, Rawalpindi, Islamabad",Monsoonal rain,,,1994.0,July,11.0,1994.0,July,31.0,
1123,Yes,83.9455,1994,August,24.0,"Murree, Risalpur, Karachi, Pashawar, Lahore, Sialkot, Multan, Bahawalpur, Shorkot, Quetta, Rawalpindi, Islamabad",Monsoonal rain,,,1994.0,August,1.0,1994.0,August,31.0,
1124,Yes,42.8355,1994,September,24.0,"Murree, Risalpur, Karachi, Pashawar, Lahore, Sialkot, Multan, Bahawalpur, Shorkot, Quetta, Rawalpindi, Islamabad",Monsoonal rain,,,1994.0,September,1.0,1994.0,September,16.0,
1125,No,10.3939,1994,October,,,,,,,,,,,,
1126,No,3.08639,1994,November,,,,,,,,,,,,
1127,No,25.3666,1994,December,,,,,,,,,,,,
1128,No,9.26441,1995,January,,,,,,,,,,,,
1129,No,30.1864,1995,February,,,,,,,,,,,,
1130,No,23.1022,1995,March,,,,,,,,,,,,
1131,No,44.2381,1995,April,,,,,,,,,,,,
1132,No,11.1759,1995,May,,,,,,,,,,,,
1133,Yes,15.1367,1995,June,26.0,Faisalabad,,,,1995.0,June,21.0,1995.0,June,21.0,
1134,Yes,97.9396,1995,July,25.0,"Swat, Azad Kasmir, Dadu, Khuzdar, Dera Ismail Khan, Rawalpindi, Khal Magsi",Monsoonal rain,,,1995.0,July,22.0,1995.0,July,29.0,
1135,Yes,97.9396,1995,July,27.0,"Punjab, Sindh, Baluchistan, North West Frontier ",Monsoonal rain,,,1995.0,July,19.0,1995.0,July,31.0,
1136,Yes,58.5468,1995,August,27.0,"Punjab, Sindh, Baluchistan, North West Frontier ",Monsoonal rain,,,1995.0,August,1.0,1995.0,August,10.0,
1137,No,21.9999,1995,September,,,,,,,,,,,,
1138,No,14.0496,1995,October,,,,,,,,,,,,
1139,No,5.24833,1995,November,,,,,,,,,,,,
1140,No,21.7521,1995,December,,,,,,,,,,,,
1141,No,27.9485,1996,January,,,,,,,,,,,,
1142,No,40.7236,1996,February,,,,,,,,,,,,
1143,No,44.5704,1996,March,,,,,,,,,,,,
1144,No,24.3362,1996,April,,,,,,,,,,,,
1145,No,33.005,1996,May,,,,,,,,,,,,
1146,No,45.5516,1996,June,,,,,,,,,,,,
1147,No,37.5503,1996,July,,,,,,,,,,,,
1148,Yes,54.5763,1996,August,28.0,"Lahore, Sialkot, Pasrur (Eastern Punjab province)",Heavy rains,,,1996.0,August,19.0,1996.0,August,31.0,
1149,Yes,13.2122,1996,September,28.0,"Lahore, Sialkot, Pasrur (Eastern Punjab province)",Heavy rains,,,1996.0,September,1.0,1996.0,September,2.0,
1150,No,11.4699,1996,October,,,,,,,,,,,,
1151,No,3.83853,1996,November,,,,,,,,,,,,
1152,No,5.86822,1996,December,,,,,,,,,,,,
1153,No,23.2765,1997,January,,,,,,,,,,,,
1154,No,5.92436,1997,February,,,,,,,,,,,,
1155,No,38.9486,1997,March,,,,,,,,,,,,
1156,No,39.8522,1997,April,,,,,,,,,,,,
1157,No,18.4543,1997,May,,,,,,,,,,,,
1158,No,32.5392,1997,June,,,,,,,,,,,,
1159,Yes,61.0494,1997,July,29.0,"Mansehra (NWFP), Lahore (Punjab)",Monsoonal rain,,,1997.0,July,25.0,1997.0,July,28.0,
1160,Yes,84.8412,1997,August,30.0,Punjab Province,Monsoonal rain,,,1997.0,August,12.0,1997.0,August,31.0,
1161,Yes,11.9138,1997,September,30.0,Punjab Province,Monsoonal rain,,,1997.0,September,1.0,1997.0,September,3.0,
1162,No,28.5444,1997,October,,,,,,,,,,,,
1163,No,8.86339,1997,November,,,,,,,,,,,,
1164,No,13.9214,1997,December,,,,,,,,,,,,
1165,No,32.6726,1998,January,,,,,,,,,,,,
1166,No,39.6264,1998,February,,,,,,,,,,,,
1167,Yes,37.2368,1998,March,31.0,Kech Valley (Baluchistan province),,,,1998.0,March,2.0,1998.0,March,5.0,
1168,No,31.8033,1998,April,,,,,,,,,,,,
1169,No,21.8943,1998,May,,,,,,,,,,,,
1170,No,25.044,1998,June,,,,,,,,,,,,
1171,No,49.0101,1998,July,,,,,,,,,,,,
1172,No,28.9697,1998,August,,,,,,,,,,,,
1173,No,23.637,1998,September,,,,,,,,,,,,
1174,No,9.91221,1998,October,,,,,,,,,,,,
1175,No,0.16185,1998,November,,,,,,,,,,,,
1176,No,0.94575,1998,December,,,,,,,,,,,,
1177,No,32.9247,1999,January,,,,,,,,,,,,
1178,No,36.1811,1999,February,,,,,,,,,,,,
1179,Yes,23.3168,1999,March,32.0,"Dadu, Level 1 = Sind",,,,1999.0,March,7.0,1999.0,March,7.0,
1180,No,18.1675,1999,April,,,,,,,,,,,,
1181,No,9.97722,1999,May,,,,,,,,,,,,
1182,No,9.80438,1999,June,,,,,,,,,,,,
1183,Yes,38.2667,1999,July,33.0,"Sanjzvi, Dukki, Thal, Harnai (Valley of Ziarat), Level 1: N.W.F.P., Baluchistan",,,,1999.0,July,15.0,1999.0,July,15.0,
1184,No,45.1223,1999,August,,,,,,,,,,,,
1185,No,19.1532,1999,September,,,,,,,,,,,,
1186,No,6.80608,1999,October,,,,,,,,,,,,
1187,No,13.6544,1999,November,,,,,,,,,,,,
1188,No,0.24637,1999,December,,,,,,,,,,,,
1189,No,19.311,2000,January,,,,,,,,,,,,
1190,No,14.2357,2000,February,,,,,,,,,,,,
1191,No,8.70368,2000,March,,,,,,,,,,,,
1192,No,3.96081,2000,April,,,,,,,,,,,,
1193,No,7.20656,2000,May,,,,,,,,,,,,
1194,No,16.5511,2000,June,,,,,,,,,,,,
1195,No,57.1515,2000,July,,,,,,,,,,,,
1196,No,32.6807,2000,August,,,,,,,,,,,,
1197,No,18.3118,2000,September,,,,,,,,,,,,
1198,No,3.36167,2000,October,,,,,,,,,,,,
1199,No,4.03651,2000,November,,,,,,,,,,,,
1200,No,6.28593,2000,December,,,,,,,,,,,,
1201,No,3.98006,2001,January,,,,,,,,,,,,
1202,No,7.90859,2001,February,,,,,,,,,,,,
1203,No,16.1858,2001,March,,,,,,,,,,,,
1204,No,21.0362,2001,April,,,,,,,,,,,,
1205,No,9.71545,2001,May,,,,,,,,,,,,
1206,No,42.8297,2001,June,,,,,,,,,,,,
1207,Yes,70.3518,2001,July,34.0,"Islamabad district (Islamabad province), Rawalpindi district (Punjab province), North-West Frontier province",Brief torrential rain,,,2001.0,July,22.0,2001.0,July,25.0,"North-West Frontier (Adm1). Islamabad District, Rawalpindi District (Adm2). "
1208,No,28.1631,2001,August,,,,,,,,,,,,
1209,No,12.5674,2001,September,,,,,,,,,,,,
1210,No,2.88224,2001,October,,,,,,,,,,,,
1211,No,11.1675,2001,November,,,,,,,,,,,,
1212,No,7.07034,2001,December,,,,,,,,,,,,
1213,No,8.26817,2002,January,,,,,,,,,,,,
1214,No,24.8489,2002,February,,,,,,,,,,,,
1215,No,23.0497,2002,March,,,,,,,,,,,,
1216,No,20.2869,2002,April,,,,,,,,,,,,
1217,No,10.8048,2002,May,,,,,,,,,,,,
1218,No,25.2618,2002,June,,,,,,,,,,,,
1219,No,11.4863,2002,July,,,,,,,,,,,,
1220,Yes,34.2267,2002,August,35.0,Peshawar district (Nort-West Frontier province),,,,2002.0,August,15.0,2002.0,August,15.0,Peshawar District (Adm2). 
1221,Yes,34.2267,2002,August,36.0,"Mardan, Malakand Protected Area, Swabi, Swat districts (North-West Frontier province)",Heavy rain,,,2002.0,August,22.0,2002.0,August,28.0,"Malakand Protected Area, Mardan District, Peshawar District, Swabi District, Swat District (Adm2). "
1222,Yes,23.8329,2002,September,37.0,"Sodi Jey Wali, Khorah Trapri, Ahmadabad villages (Soon Sakesar valley, Khushab district, Punjab province)",,,,2002.0,September,30.0,2002.0,September,30.0,Khushab District (Adm2). 
1223,No,4.25136,2002,October,,,,,,,,,,,,
1224,No,9.99053,2002,November,,,,,,,,,,,,
1225,No,13.1605,2002,December,,,,,,,,,,,,
1226,No,12.9862,2003,January,,,,,,,,,,,,
1227,No,62.8046,2003,February,,,,,,,,,,,,
1228,No,31.7944,2003,March,,,,,,,,,,,,
1229,No,23.1098,2003,April,,,,,,,,,,,,
1230,No,20.0575,2003,May,,,,,,,,,,,,
1231,No,13.7782,2003,June,,,,,,,,,,,,
1232,Yes,106.583,2003,July,38.0,"Badin, Dadu, Hyderabad, Karachi, Larkana, Nawabshah, Shikarpur, Tharparkar, Thatta districts (Sindh province), Awaran, Bolan, Jaffarabad, Jhal Magsi, Kech, Khuzdar, Lasbela, Nasirabad, Zhob, Ziarat, Sibi districts (Balochistan province), Narowal, Sialkot districts (Punjab province), Buner, Charsadda, Nowshera, Swabi (North-West Frontier province)",Monsoon rain,,,2003.0,July,22.0,2003.0,July,31.0,"Awaran District, Badin District, Bolan District, Buner District, Charsadda District, Dadu District, Hyderabad District, Jaffarabad District, Jhal Magsi District, Karachi South District, Kech District, Khuzdar District, Larkana District, Lasbela District, Narowal District, Nasirabad District, Nawabshah District, Nowshera District, Shikarpur District, Sialkot District, Sibi District, Swabi District, Tharparkar District, Thatta District, Zhob District, Ziarat District (Adm2). "
1233,Yes,106.583,2003,July,40.0,"Sindh, Balochistan, Punjab provinces",Monsoon rain,,,2003.0,July,15.0,2003.0,July,31.0,"Balochistan, Punjab, Sindh (Adm1). "
1234,Yes,67.9582,2003,August,38.0,"Badin, Dadu, Hyderabad, Karachi, Larkana, Nawabshah, Shikarpur, Tharparkar, Thatta districts (Sindh province), Awaran, Bolan, Jaffarabad, Jhal Magsi, Kech, Khuzdar, Lasbela, Nasirabad, Zhob, Ziarat, Sibi districts (Balochistan province), Narowal, Sialkot districts (Punjab province), Buner, Charsadda, Nowshera, Swabi (North-West Frontier province)",Monsoon rain,,,2003.0,August,1.0,2003.0,August,5.0,"Awaran District, Badin District, Bolan District, Buner District, Charsadda District, Dadu District, Hyderabad District, Jaffarabad District, Jhal Magsi District, Karachi South District, Kech District, Khuzdar District, Larkana District, Lasbela District, Narowal District, Nasirabad District, Nawabshah District, Nowshera District, Shikarpur District, Sialkot District, Sibi District, Swabi District, Tharparkar District, Thatta District, Zhob District, Ziarat District (Adm2). "
1235,Yes,67.9582,2003,August,40.0,"Sindh, Balochistan, Punjab provinces",Monsoon rain,,,2003.0,August,1.0,2003.0,August,31.0,"Balochistan, Punjab, Sindh (Adm1). "
1236,Yes,25.9643,2003,September,39.0,"Warri, Barkand, Gandi Gari villages (Upper Dir district, North-West Frontier province)",Brief torrential rain,,,2003.0,September,5.0,2003.0,September,9.0,Upper Dir District (Adm2). 
1237,Yes,25.9643,2003,September,40.0,"Sindh, Balochistan, Punjab provinces",Monsoon rain,,,2003.0,September,1.0,2003.0,September,1.0,"Balochistan, Punjab, Sindh (Adm1). "
1238,No,4.65043,2003,October,,,,,,,,,,,,
1239,No,8.94368,2003,November,,,,,,,,,,,,
1240,No,7.45678,2003,December,,,,,,,,,,,,
1241,No,41.6249,2004,January,,,,,,,,,,,,
1242,No,15.2825,2004,February,,,,,,,,,,,,
1243,No,5.57348,2004,March,,,,,,,,,,,,
1244,No,25.9202,2004,April,,,,,,,,,,,,
1245,No,13.1468,2004,May,,,,,,,,,,,,
1246,No,19.4183,2004,June,,,,,,,,,,,,
1247,Yes,23.6964,2004,July,41.0,"Jammu and Kashmir, Punjab provinces",,,,2004.0,July,14.0,2004.0,July,17.0,"Jammu and Kashmir (Administrative unit not available), Punjab (Adm1). "
1248,Yes,55.6869,2004,August,42.0,"Pasrur Tehsil area (Sialkot district, Punjab province)",Monsoonal rain,,,2004.0,August,1.0,2004.0,August,31.0,Sialkot District (Adm2). 
1249,Yes,15.1627,2004,September,42.0,"Pasrur Tehsil area (Sialkot district, Punjab province)",Monsoonal rain,,,2004.0,September,1.0,2004.0,September,8.0,Sialkot District (Adm2). 
1250,No,13.4192,2004,October,,,,,,,,,,,,
1251,No,4.30319,2004,November,,,,,,,,,,,,
1252,No,24.4978,2004,December,,,,,,,,,,,,
1253,No,37.2572,2005,January,,,,,,,,,,,,
1254,Yes,58.6492,2005,February,43.0,"Awaran, Gwadar, Jaffarabad, Jahl Magsi, Kech, Killa Abdullah, Lasbela, Nasirabad, Pishin, Quetta districts (Balochistan province), Abbottabad, Batagram, Kohistan, Lower Dir, Upper Dir, Malakand, Mansehra, Mardan, Shangla, Swat, Chitral districts (North-West Frontier province), Muzaffarabad, Bagh, Astore districts (Jammu and Kashmir province)",Heavy rains and snow,,,2005.0,February,9.0,2005.0,February,16.0,"Abbottabad District, Administrative unit not available, Awaran District, Batagram District, Chitral District, Gwadar District, Jaffarabad District, Jhal Magsi District, Kech District, Killa Abdullah District, Kohistan District, Lasbela District, Lower Dir District, Malakand Protected Area, Mansehra District, Mardan District, Nasirabad District, Pishin District, Quetta District, Shangla District, Swat District, Upper Dir District (Adm2). "
1255,Yes,40.9373,2005,March,44.0,"Gwadar, Killa Abdullah, Kech districts (Balochistan province)",Heavy rain,,,2005.0,March,2.0,2005.0,March,8.0,"Gwadar District, Kech District, Killa Abdullah District (Adm2). "
1256,Yes,40.9373,2005,March,45.0,"Kohlu, Sibi, Nasirabad districts (Balochistan province)",Heavy rains,,,2005.0,March,20.0,2005.0,March,24.0,"Kohlu District, Nasirabad District, Sibi District (Adm2). "
1257,No,21.9531,2005,April,,,,,,,,,,,,
1258,No,27.8063,2005,May,,,,,,,,,,,,
1259,Yes,7.38339,2005,June,47.0,"Monda village (Doda district, Jammu and Kashmir province), Charsadda, Chitral, D. I. Khan, Karak, Nowshera, Mansehra, Peshawar, Shangla, Swat districts (North-West Frontier province), Dadu, Ghotki, Thatta, Jacobabad, Khairpur, Shikarpur, Sukkur districts (Sindh province), Punjab province",Heavy snowfall during winter and unprecedented high temperatures,,,2005.0,June,21.0,2005.0,June,31.0,"Punjab (Adm1). Administrative unit not available, Charsadda District, Chitral District, D. I. Khan District, Dadu District, Ghotki District, Jacobabad District, Karak District, Khairpur District, Mansehra District, Nowshera District, Peshawar District, Shangla District, Shikarpur District, Sukkur District, Swat District, Thatta District (Adm2). "
1260,Yes,56.0509,2005,July,46.0,"Punjab, Sindh, Jammu and Kashmir provinces",Monsoonal rain,,,2005.0,July,5.0,2005.0,July,31.0,"Jammu and Kashmir (Administrative unit not available), Punjab, Sindh (Adm1). "
1261,Yes,56.0509,2005,July,47.0,"Monda village (Doda district, Jammu and Kashmir province), Charsadda, Chitral, D. I. Khan, Karak, Nowshera, Mansehra, Peshawar, Shangla, Swat districts (North-West Frontier province), Dadu, Ghotki, Thatta, Jacobabad, Khairpur, Shikarpur, Sukkur districts (Sindh province), Punjab province",Heavy snowfall during winter and unprecedented high temperatures,,,2005.0,July,1.0,2005.0,July,31.0,"Punjab (Adm1). Administrative unit not available, Charsadda District, Chitral District, D. I. Khan District, Dadu District, Ghotki District, Jacobabad District, Karak District, Khairpur District, Mansehra District, Nowshera District, Peshawar District, Shangla District, Shikarpur District, Sukkur District, Swat District, Thatta District (Adm2). "
1262,Yes,27.6218,2005,August,46.0,"Punjab, Sindh, Jammu and Kashmir provinces",Monsoonal rain,,,2005.0,August,1.0,2005.0,August,14.0,"Jammu and Kashmir (Administrative unit not available), Punjab, Sindh (Adm1). "
1263,Yes,27.6218,2005,August,47.0,"Monda village (Doda district, Jammu and Kashmir province), Charsadda, Chitral, D. I. Khan, Karak, Nowshera, Mansehra, Peshawar, Shangla, Swat districts (North-West Frontier province), Dadu, Ghotki, Thatta, Jacobabad, Khairpur, Shikarpur, Sukkur districts (Sindh province), Punjab province",Heavy snowfall during winter and unprecedented high temperatures,,,2005.0,August,1.0,2005.0,August,5.0,"Punjab (Adm1). Administrative unit not available, Charsadda District, Chitral District, D. I. Khan District, Dadu District, Ghotki District, Jacobabad District, Karak District, Khairpur District, Mansehra District, Nowshera District, Peshawar District, Shangla District, Shikarpur District, Sukkur District, Swat District, Thatta District (Adm2). "
1264,No,28.3787,2005,September,,,,,,,,,,,,
1265,No,5.59639,2005,October,,,,,,,,,,,,
1266,No,8.06399,2005,November,,,,,,,,,,,,
1267,No,3.99261,2005,December,,,,,,,,,,,,
1268,No,28.5383,2006,January,,,,,,,,,,,,
1269,No,15.7051,2006,February,,,,,,,,,,,,
1270,No,27.5402,2006,March,,,,,,,,,,,,
1271,No,13.3447,2006,April,,,,,,,,,,,,
1272,No,9.25805,2006,May,,,,,,,,,,,,
1273,No,19.7032,2006,June,,,,,,,,,,,,
1274,Yes,56.8962,2006,July,49.0,"Jammu and Kashmir, Punjab, North-West Frontier provinces",Monsoonal rain,34.61,73.2,2006.0,July,24.0,2006.0,July,31.0,"Jammu and Kashmir (Administrative unit not available), North-West Frontier, Punjab (Adm1). "
1275,Yes,56.8962,2006,July,52.0,"Govek, Faqir, Api villages (North Waziristan Agency district, Federally Administered Tribal Areas province)",Heavy rain,33.06,69.95,2006.0,July,9.0,2006.0,July,13.0,North Waziristan Agency (Adm2). 
1276,Yes,56.8962,2006,July,54.0,Sindh province,Monsoonal rain,20.19,73.82,2006.0,July,28.0,2006.0,July,31.0,Sindh (Adm1). 
1277,Yes,92.8018,2006,August,49.0,"Jammu and Kashmir, Punjab, North-West Frontier provinces",Monsoonal rain,34.61,73.2,2006.0,August,1.0,2006.0,August,22.0,"Jammu and Kashmir (Administrative unit not available), North-West Frontier, Punjab (Adm1). "
1278,Yes,92.8018,2006,August,50.0,Mardan district (North-West Frontier province),Monsoonal rain,,,2006.0,August,3.0,2006.0,August,8.0,Mardan District (Adm2). 
1279,Yes,92.8018,2006,August,51.0,"Punjab, Jammu and Kashmir provinces",Monsoonal rain,32.89,73.88,2006.0,August,31.0,2006.0,August,31.0,"Jammu and Kashmir (Administrative unit not available), Punjab (Adm1). "
1280,Yes,92.8018,2006,August,53.0,"Karachi Central, Karachi East, Karachi South, Karachi West districts (Sindh province)",Monsoonal rain,25.03,67.12,2006.0,August,1.0,2006.0,August,22.0,"Karachi Central District, Karachi East District, Karachi South District, Karachi West District (Adm2). "
1281,Yes,92.8018,2006,August,54.0,Sindh province,Monsoonal rain,20.19,73.82,2006.0,August,1.0,2006.0,August,31.0,Sindh (Adm1). 
1282,Yes,29.8866,2006,September,51.0,"Punjab, Jammu and Kashmir provinces",Monsoonal rain,32.89,73.88,2006.0,September,1.0,2006.0,September,11.0,"Jammu and Kashmir (Administrative unit not available), Punjab (Adm1). "
1283,Yes,29.8866,2006,September,54.0,Sindh province,Monsoonal rain,20.19,73.82,2006.0,September,1.0,2006.0,September,12.0,Sindh (Adm1). 
1284,No,9.6685,2006,October,,,,,,,,,,,,
1285,No,18.3344,2006,November,,,,,,,,,,,,
1286,No,43.9717,2006,December,,,,,,,,,,,,
1287,No,3.0348,2007,January,,,,,,,,,,,,
1288,No,49.8075,2007,February,,,,,,,,,,,,
1289,No,63.3527,2007,March,,,,,,,,,,,,
1290,No,10.1817,2007,April,,,,,,,,,,,,
1291,No,10.8274,2007,May,,,,,,,,,,,,
1292,Yes,37.8191,2007,June,56.0,"Karachi Central, Karachi East, Karachi South, Karachi West, Malir districts (Sindh province)",Monsoonal rain,,,2007.0,June,23.0,2007.0,June,25.0,"Karachi Central District, Karachi East District, Karachi South District, Karachi West District, Malir District (Adm2). "
1293,Yes,37.8191,2007,June,57.0,"Baidara, Barinjal villages (Swat district, North-West Frontier province)",Brief torrential rain,34.98,72.23,2007.0,June,16.0,2007.0,June,20.0,Swat District (Adm2). 
1294,Yes,37.8191,2007,June,59.0,"Landi Kotal, Jamrud villages (Peshawar district, North-West Frontier province), Chrasadda, Kohistan, Upper Dir districts (North-West Frontier province), Khyber Agency district (Federally Administered Tribal Areas province)",Heavy rain,34.27,71.87,2007.0,June,28.0,2007.0,June,31.0,"Charsadda District, Khyber Agency, Kohistan District, Lower Dir District, Peshawar District, Upper Dir District (Adm2). "
1295,Yes,60.6515,2007,July,59.0,"Landi Kotal, Jamrud villages (Peshawar district, North-West Frontier province), Chrasadda, Kohistan, Upper Dir districts (North-West Frontier province), Khyber Agency district (Federally Administered Tribal Areas province)",Heavy rain,34.27,71.87,2007.0,July,1.0,2007.0,July,22.0,"Charsadda District, Khyber Agency, Kohistan District, Lower Dir District, Peshawar District, Upper Dir District (Adm2). "
1296,Yes,60.6515,2007,July,60.0,"Oshai Darray village (Upper Dir district, North -West Frontier province)",Torrential rain,,,2007.0,July,20.0,2007.0,July,20.0,Upper Dir District (Adm2). 
1297,Yes,42.5053,2007,August,55.0,"Rah Nolia, Rano Mera villages (Kohistan district, North-West Frontier province)",Heavy rain,35.95,74.34,2007.0,August,12.0,2007.0,August,14.0,Kohistan District (Adm2). 
1298,Yes,42.5053,2007,August,58.0,"Karachi Central, Karachi East, Karachi South, Karachi West districts (Sindh province)",Storm,,,2007.0,August,10.0,2007.0,August,13.0,"Karachi Central District, Karachi East District, Karachi South District, Karachi West District (Adm2). "
1299,No,28.5902,2007,September,,,,,,,,,,,,
1300,No,0.73853,2007,October,,,,,,,,,,,,
1301,No,2.19563,2007,November,,,,,,,,,,,,
1302,No,8.77559,2007,December,,,,,,,,,,,,
1303,No,43.5298,2008,January,,,,,,,,,,,,
1304,No,13.6756,2008,February,,,,,,,,,,,,
1305,No,2.83751,2008,March,,,,,,,,,,,,
1306,No,37.4197,2008,April,,,,,,,,,,,,
1307,Yes,16.6802,2008,May,61.0,"Madyan village (Swat district, North-West Frontier province)",,,,2008.0,May,24.0,2008.0,May,26.0,Swat District (Adm2). 
1308,No,26.2055,2008,June,,,,,,,,,,,,
1309,No,48.5093,2008,July,,,,,,,,,,,,
1310,Yes,90.4538,2008,August,62.0,"Peshawar district (North-West Frontier province), Balochistan province","Torrential rain, Monsoon",33.92,71.7,2008.0,August,2.0,2008.0,August,4.0,Balochistan (Adm1). Peshawar District (Adm2). 
1311,Yes,90.4538,2008,August,63.0,Rajanpur district (Punjab province),Heavy monsoon rains,30.74,72.63,2008.0,August,9.0,2008.0,August,20.0,Rajanpur District (Adm2). 
1312,No,18.479,2008,September,,,,,,,,,,,,
1313,No,6.49189,2008,October,,,,,,,,,,,,
1314,No,4.59947,2008,November,,,,,,,,,,,,
1315,No,28.3541,2008,December,,,,,,,,,,,,
1316,No,34.3593,2009,January,,,,,,,,,,,,
1317,No,33.2747,2009,February,,,,,,,,,,,,
1318,No,28.2929,2009,March,,,,,,,,,,,,
1319,Yes,33.3443,2009,April,64.0,Mardan district (North-West Frontier province),Heavy rain,,,2009.0,April,14.0,2009.0,April,14.0,Mardan District (Adm2). 
1320,No,11.2742,2009,May,,,,,,,,,,,,
1321,No,18.2574,2009,June,,,,,,,,,,,,
1322,Yes,50.6734,2009,July,66.0,"Karachi Central, Karachi East, Karachi South, Karachi West districts (Sindh province)",Torrential rain,24.99,67.19,2009.0,July,17.0,2009.0,July,19.0,"Karachi Central District, Karachi East District, Karachi South District, Karachi West District (Adm2). "
1323,Yes,30.7856,2009,August,65.0,"Ismalia, Kalu Khan, Adina villages (Swabi district, North-West Frontier province), Shahbaz Garrhi, Garryala villages (Mardan district, North-West Frontier province)",Heavy rains,33.92,72.25,2009.0,August,15.0,2009.0,August,17.0,"Mardan District, Swabi District (Adm2). "
1324,No,15.1353,2009,September,,,,,,,,,,,,
1325,No,3.9578,2009,October,,,,,,,,,,,,
1326,No,6.9783,2009,November,,,,,,,,,,,,
1327,No,16.272,2009,December,,,,,,,,,,,,
1328,No,9.37983,2010,January,,,,,,,,,,,,
1329,Yes,31.8993,2010,February,67.0,"Batagram, Kohistan, Shangla, Swat districts (North-West Frontier province)",Heavy rain and snow,,,2010.0,February,8.0,2010.0,February,9.0,"Batagram District, Kohistan District, Shangla District, Swat District (Adm2). "
1330,No,20.63,2010,March,,,,,,,,,,,,
1331,No,16.3773,2010,April,,,,,,,,,,,,
1332,No,23.014,2010,May,,,,,,,,,,,,
1333,Yes,25.6214,2010,June,70.0,"Uchosht village (Chitral district, North-West Frontier province)",Torrential rain,36.03,72.08,2010.0,June,22.0,2010.0,June,24.0,Chitral District (Adm2). 
1334,Yes,105.22,2010,July,68.0,Barkhan district (Balochistan province),Monsoonal rain,30.51,66.95,2010.0,July,21.0,2010.0,July,23.0,Barkhan District (Adm2). 
1335,Yes,105.22,2010,July,69.0,"Barkhan, Bolan, Kohlu, Nasirabad, Sibi districts (Balochistan province), Mohmand Agency, Khyber Agency (Federally Administered Tribal Areas), Bannu, Batagram, Charsadda, D. I. Khan, Kohat, Kohistan, Lakki Marwat, Lower Dir, Mansehra, Nowshera, Peshawar, Shangla, Swat, Tank districts (North-West Frontier province), Khushab, Layyah, Mianwali, Muzaffargarh, Rajanpur districts (Punjab province), Bagh, Gilgit-Baltistan, Mirpur, Muzaffarabad districts (Jammu and Kashmir province), Sindh province",Monsoonal rain,,,2010.0,July,28.0,2010.0,July,31.0,"Sindh (Adm1). Administrative unit not available, Bannu District, Barkhan District, Batagram District, Bolan District, Charsadda District, D. I. Khan District, Khushab District, Khyber Agency, Kohat District, Kohistan District, Kohlu District, Lakki Marwat District, Layyah District, Lower Dir District, Mansehra District, Mianwali District, Mohmand Agency, Muzaffargarh District, Nasirabad District, Nowshera District, Peshawar District, Rajanpur District, Shangla District, Sibi District, Swat District, Tank District (Adm2). "
1336,Yes,113.186,2010,August,69.0,"Barkhan, Bolan, Kohlu, Nasirabad, Sibi districts (Balochistan province), Mohmand Agency, Khyber Agency (Federally Administered Tribal Areas), Bannu, Batagram, Charsadda, D. I. Khan, Kohat, Kohistan, Lakki Marwat, Lower Dir, Mansehra, Nowshera, Peshawar, Shangla, Swat, Tank districts (North-West Frontier province), Khushab, Layyah, Mianwali, Muzaffargarh, Rajanpur districts (Punjab province), Bagh, Gilgit-Baltistan, Mirpur, Muzaffarabad districts (Jammu and Kashmir province), Sindh province",Monsoonal rain,,,2010.0,August,1.0,2010.0,August,7.0,"Sindh (Adm1). Administrative unit not available, Bannu District, Barkhan District, Batagram District, Bolan District, Charsadda District, D. I. Khan District, Khushab District, Khyber Agency, Kohat District, Kohistan District, Kohlu District, Lakki Marwat District, Layyah District, Lower Dir District, Mansehra District, Mianwali District, Mohmand Agency, Muzaffargarh District, Nasirabad District, Nowshera District, Peshawar District, Rajanpur District, Shangla District, Sibi District, Swat District, Tank District (Adm2). "
1337,No,30.6715,2010,September,,,,,,,,,,,,
1338,No,4.11534,2010,October,,,,,,,,,,,,
1339,No,1.60891,2010,November,,,,,,,,,,,,
1340,No,3.23522,2010,December,,,,,,,,,,,,
1341,No,11.1674,2011,January,,,,,,,,,,,,
1342,No,58.0763,2011,February,,,,,,,,,,,,
1343,No,30.0545,2011,March,,,,,,,,,,,,
1344,No,28.063,2011,April,,,,,,,,,,,,
1345,No,10.2389,2011,May,,,,,,,,,,,,
1346,No,16.105,2011,June,,,,,,,,,,,,
1347,No,37.5047,2011,July,,,,,,,,,,,,
1348,Yes,80.6547,2011,August,71.0,"Badin, Dadu, Ghotki, Hyderabad, Jacobabad, Karachi Central, Karachi East, Karachi South, Karachi West, Khaipur, Larkana, Malir, Mirpur Khas, Naushahro Feroze, Nawabshah, Sanghar, Shikarpur, Sukkur, Tharparkar, Thatta, Umer Kot districts (Sindh province)",Monsoon rains,25.012,69.07,2011.0,August,12.0,2011.0,August,31.0,"Badin District, Dadu District, Ghotki District, Hyderabad District, Jacobabad District, Karachi Central District, Karachi East District, Karachi South District, Karachi West District, Khairpur District, Larkana District, Malir District, Mirpur Khas District, Naushahro Feroze District, Nawabshah District, Sanghar District, Shikarpur District, Sukkur District, Tharparkar District, Thatta District, Umer Kot District (Adm2). "
1349,Yes,31.7056,2011,September,71.0,"Badin, Dadu, Ghotki, Hyderabad, Jacobabad, Karachi Central, Karachi East, Karachi South, Karachi West, Khaipur, Larkana, Malir, Mirpur Khas, Naushahro Feroze, Nawabshah, Sanghar, Shikarpur, Sukkur, Tharparkar, Thatta, Umer Kot districts (Sindh province)",Monsoon rains,25.012,69.07,2011.0,September,1.0,2011.0,September,31.0,"Badin District, Dadu District, Ghotki District, Hyderabad District, Jacobabad District, Karachi Central District, Karachi East District, Karachi South District, Karachi West District, Khairpur District, Larkana District, Malir District, Mirpur Khas District, Naushahro Feroze District, Nawabshah District, Sanghar District, Shikarpur District, Sukkur District, Tharparkar District, Thatta District, Umer Kot District (Adm2). "
1350,Yes,8.60502,2011,October,71.0,"Badin, Dadu, Ghotki, Hyderabad, Jacobabad, Karachi Central, Karachi East, Karachi South, Karachi West, Khaipur, Larkana, Malir, Mirpur Khas, Naushahro Feroze, Nawabshah, Sanghar, Shikarpur, Sukkur, Tharparkar, Thatta, Umer Kot districts (Sindh province)",Monsoon rains,25.012,69.07,2011.0,October,1.0,2011.0,October,31.0,"Badin District, Dadu District, Ghotki District, Hyderabad District, Jacobabad District, Karachi Central District, Karachi East District, Karachi South District, Karachi West District, Khairpur District, Larkana District, Malir District, Mirpur Khas District, Naushahro Feroze District, Nawabshah District, Sanghar District, Shikarpur District, Sukkur District, Tharparkar District, Thatta District, Umer Kot District (Adm2). "
1351,Yes,6.73557,2011,November,71.0,"Badin, Dadu, Ghotki, Hyderabad, Jacobabad, Karachi Central, Karachi East, Karachi South, Karachi West, Khaipur, Larkana, Malir, Mirpur Khas, Naushahro Feroze, Nawabshah, Sanghar, Shikarpur, Sukkur, Tharparkar, Thatta, Umer Kot districts (Sindh province)",Monsoon rains,25.012,69.07,2011.0,November,1.0,2011.0,November,1.0,"Badin District, Dadu District, Ghotki District, Hyderabad District, Jacobabad District, Karachi Central District, Karachi East District, Karachi South District, Karachi West District, Khairpur District, Larkana District, Malir District, Mirpur Khas District, Naushahro Feroze District, Nawabshah District, Sanghar District, Shikarpur District, Sukkur District, Tharparkar District, Thatta District, Umer Kot District (Adm2). "
1352,No,2.56967,2011,December,,,,,,,,,,,,
1353,No,21.7436,2012,January,,,,,,,,,,,,
1354,No,19.6736,2012,February,,,,,,,,,,,,
1355,No,22.278,2012,March,,,,,,,,,,,,
1356,No,34.6903,2012,April,,,,,,,,,,,,
1357,No,13.0843,2012,May,,,,,,,,,,,,
1358,No,7.12074,2012,June,,,,,,,,,,,,
1359,No,26.7597,2012,July,,,,,,,,,,,,
1360,Yes,45.5465,2012,August,74.0,"North-West Frontier, Jammu and Kashmir provinces",Monsoonal rain,35.03,73.52,2012.0,August,23.0,2012.0,August,29.0,"Jammu and Kashmir (Administrative unit not available), North-West Frontier (Adm1). "
1361,Yes,51.5706,2012,September,72.0,Jammu and Kashmir provinces,,,,2012.0,September,4.0,2012.0,September,4.0,Jammu and Kashmir (Administrative unit not available) (Adm1). 
1362,No,6.17664,2012,October,,,,,,,,,,,,
1363,No,3.56023,2012,November,,,,,,,,,,,,
1364,No,21.8186,2012,December,,,,,,,,,,,,
1365,No,12.3896,2013,January,,,,,,,,,,,,
1366,Yes,46.5909,2013,February,75.0,"Punjab, Jammu and Kasjmir, North-West Frontier provinces",Heavy rains,,,2013.0,February,3.0,2013.0,February,6.0,"Jammu and Kashmir (Administrative unit not available), North-West Frontier, Punjab (Adm1). "
1367,No,53.8636,2013,March,,,,,,,,,,,,
1368,No,33.5154,2013,April,,,,,,,,,,,,
1369,No,7.84502,2013,May,,,,,,,,,,,,
1370,No,37.7994,2013,June,,,,,,,,,,,,
1371,No,45.7747,2013,July,,,,,,,,,,,,
1372,Yes,72.268,2013,August,76.0,"Bolan District, Jaffarabad District, Jhal Magsi District, Kalat District, Kech District, Khuzdar District, Lasbela District, Loralai District, Mastung District, Nasirabad District, Quetta District, Sibi District districts (Balochistan province), Chitral District (North-West Frontier province), Bahawalpur District, Chakwal District, Dera Ghazi Khan District, Gujranwala District, Jhang District, Kasur District, Khanewal District, Layyah District, Mandi Bahauddin District, Mianwali District, Muzaffargarh District, Narowal District, Rahim Yar Khan District, Rajanpur District, Sahiwal District, Sheikhupura District, Sialkot District, Toba Tek Singh District, Vehari District districts (Punjab province), Dadu District, Ghotki District, Hyderabad District, Jacobabad District, Khairpur District, Larkana District, Mirpur Khas District, Naushahro Feroze District, Nawabshah District, Shikarpur District, Sukkur District districts (Sindh province)",Monsoonal rains,28.7404,69.11,2013.0,August,7.0,2013.0,August,21.0,"Jammu and Kashmir (Administrative unit not available) (Adm1). Bahawalpur District, Bolan District, Chakwal District, Chitral District, Dadu District, Dera Ghazi Khan District, Ghotki District, Gujranwala District, Hyderabad District, Jacobabad District, Jaffarabad District, Jhal Magsi District, Jhang District, Kalat District, Kasur District, Kech District, Khairpur District, Khanewal District, Khuzdar District, Larkana District, Lasbela District, Layyah District, Loralai District, Mandi Bahauddin District, Mastung District, Mianwali District, Mirpur Khas District, Muzaffargarh District, Narowal District, Nasirabad District, Naushahro Feroze District, Nawabshah District, Quetta District, Rahim Yar Khan District, Rajanpur District, Sahiwal District, Sheikhupura District, Shikarpur District, Sialkot District, Sibi District, Sukkur District, Toba Tek Singh District, Vehari District (Adm2). "
1373,No,16.0794,2013,September,,,,,,,,,,,,
1374,No,8.1558,2013,October,,,,,,,,,,,,
1375,No,13.5567,2013,November,,,,,,,,,,,,
1376,No,2.00393,2013,December,,,,,,,,,,,,
1377,No,11.4887,2014,January,,,,,,,,,,,,
1378,No,22.7004,2014,February,,,,,,,,,,,,
1379,No,55.8119,2014,March,,,,,,,,,,,,
1380,No,36.274,2014,April,,,,,,,,,,,,
1381,No,20.0702,2014,May,,,,,,,,,,,,
1382,No,11.8501,2014,June,,,,,,,,,,,,
1383,No,30.8147,2014,July,,,,,,,,,,,,
1384,No,30.2337,2014,August,,,,,,,,,,,,
1385,Yes,35.8764,2014,September,77.0,"Sialkot, Narowal, Lahore, Gujranwala, Mandi Bahauddin, Gujrat, Hafizabad, Jhelum, Jhang, Sargodha, Okara, Attock districts (Punjab province), Jammu and Kashmir provinces",Monsoonal rain,,,2014.0,September,1.0,2014.0,September,31.0,"Jammu and Kashmir (Administrative unit not available) (Adm1). Attock District, Gujranwala District, Gujrat District, Hafizabad District, Jhang District, Jhelum District, Lahore District, Mandi Bahauddin District, Narowal District, Okara District, Sargodha District, Sialkot District (Adm2). "
1386,Yes,9.75995,2014,October,77.0,"Sialkot, Narowal, Lahore, Gujranwala, Mandi Bahauddin, Gujrat, Hafizabad, Jhelum, Jhang, Sargodha, Okara, Attock districts (Punjab province), Jammu and Kashmir provinces",Monsoonal rain,,,2014.0,October,1.0,2014.0,October,11.0,"Jammu and Kashmir (Administrative unit not available) (Adm1). Attock District, Gujranwala District, Gujrat District, Hafizabad District, Jhang District, Jhelum District, Lahore District, Mandi Bahauddin District, Narowal District, Okara District, Sargodha District, Sialkot District (Adm2). "
1387,No,10.1953,2014,November,,,,,,,,,,,,
1388,No,0.41147,2014,December,,,,,,,,,,,,
1389,No,16.3651,2015,January,,,,,,,,,,,,
1390,Yes,30.9235,2015,February,80.0,"Federally Administered Tribal Areas, North-West Frontier, Punjab provinces",,,,2015.0,February,24.0,2015.0,February,31.0,"Federally Administered Tribal Areas, North-West Frontier, Punjab (Adm1). "
1391,Yes,70.0159,2015,March,80.0,"Federally Administered Tribal Areas, North-West Frontier, Punjab provinces",,,,2015.0,March,1.0,2015.0,March,3.0,"Federally Administered Tribal Areas, North-West Frontier, Punjab (Adm1). "
1392,Yes,34.0755,2015,April,78.0,"Peshawar district, North-West Frontier province",Torrential rains,33.5131,71.89,2015.0,April,26.0,2015.0,April,28.0,Peshawar District (Adm2). 
1393,No,19.6929,2015,May,,,,,,,,,,,,
1394,Yes,28.986,2015,June,79.0,Khuzdar district (Balochistan province),Torrential rains,,,2015.0,June,4.0,2015.0,June,5.0,Khuzdar District (Adm2). 
1395,Yes,28.986,2015,June,82.0,North-West Frontier province,Torrential rain,35.0129,72.84,2015.0,June,25.0,2015.0,June,29.0,North-West Frontier (Adm1). 
1396,Yes,72.6114,2015,July,81.0,"Rawalpindi District (Punjab province), Islamabad District (Islamabad province), Jammu and Kashmir provinces",,,,2015.0,July,7.0,2015.0,July,13.0,"Jammu and Kashmir (Administrative unit not available) (Adm1). Islamabad District, Rawalpindi District (Adm2). "
1397,Yes,72.6114,2015,July,83.0,"Punjab, Jammu and Kashmir, North-West Frontier, Balochistan, Sindh provinces",Torrential rain,34.3432,72.27,2015.0,July,15.0,2015.0,July,31.0,"Balochistan, Jammu and Kashmir (Administrative unit not available), North-West Frontier, Punjab, Sindh (Adm1). "
1398,Yes,69.5808,2015,August,83.0,"Punjab, Jammu and Kashmir, North-West Frontier, Balochistan, Sindh provinces",Torrential rain,34.3432,72.27,2015.0,August,1.0,2015.0,August,19.0,"Balochistan, Jammu and Kashmir (Administrative unit not available), North-West Frontier, Punjab, Sindh (Adm1). "
1399,No,26.1938,2015,September,,,,,,,,,,,,
1400,No,14.1419,2015,October,,,,,,,,,,,,
1401,No,9.09601,2015,November,,,,,,,,,,,,
1402,No,6.00726,2015,December,,,,,,,,,,,,
1403,No,16.1749,2016,January,,,,,,,,,,,,
1404,No,8.36436,2016,February,,,,,,,,,,,,
1405,Yes,57.6948,2016,March,88.0,"Azad Jammu and Kashmir, Punjab, Federally Administered Tribal Areas (Orakzai), Khyber Pakhtunkhwa, Balochistan, Gilgit-Baltistan",,,,2016.0,March,9.0,2016.0,March,29.0,"Balochistan, Federally Administered Tribal Areas, Jammu and Kashmir (Administrative unit not available), North-West Frontier, Punjab (Adm1). "
1406,Yes,20.2518,2016,April,84.0,"Kohistan, Shangla districts (Khyber Pakhtunkhwa province), Gilgit-Balistan (40409), Azad Kashmir (40408) provinces",Heavy rains,330.545,717.79,2016.0,April,2.0,2016.0,April,8.0,"Jammu and Kashmir (Administrative unit not available) (Adm1). Kohistan District, Shangla District (Adm2). "
1407,No,18.1856,2016,May,,,,,,,,,,,,
1408,No,23.6518,2016,June,,,,,,,,,,,,
1409,Yes,56.4818,2016,July,85.0,Khyber Agency district (Federally Administered Tribal Areas province),,,,2016.0,July,30.0,2016.0,July,30.0,Khyber Agency (Adm2). 
1410,Yes,56.4818,2016,July,86.0,"Ursoon, Drosh village (Chitral district, Khyber Pakhtunkhwa province)",Heavy rain,361.038,727.93,2016.0,July,3.0,2016.0,July,6.0,Chitral District (Adm2). 
1411,Yes,60.6061,2016,August,87.0,"Balochistan, Sindh provinces",Heavy rain,,,2016.0,August,5.0,2016.0,August,8.0,"Balochistan, Sindh (Adm1). "
1412,Yes,60.6061,2016,August,89.0,"Karachi, Hyderabad, Tando Allahyar, Mirpur Khas (Sindh), Balochistan state",,,,2016.0,August,6.0,2016.0,August,7.0,"Balochistan (Adm1). Hyderabad District, Karachi Central District, Karachi East District, Karachi South District, Karachi West District, Mirpur Khas District (Adm2). "
1413,Yes,60.6061,2016,August,90.0,Karachi district (Sindh province),Heavy rains,,,2016.0,August,27.0,2016.0,August,28.0,"Karachi Central District, Karachi East District, Karachi South District, Karachi West District (Adm2). "
1414,No,13.7694,2016,September,,,,,,,,,,,,
1415,No,1.07552,2016,October,,,,,,,,,,,,
1416,No,2.8848,2016,November,,,,,,,,,,,,
1417,No,7.82298,2016,December,,,,,,,,,,,,
